"total","0k","10k","15k","20k","25k","30k","35k","40k","45k","50k","60k","75k","100k","125k","150k","200k"
1225,113,60,42,87,50,27,48,90,77,86,183,94,132,86,24,26
1322,119,162,93,81,91,15,27,72,43,139,113,160,56,106,22,23
1162,107,69,107,116,60,127,44,88,92,129,86,94,4,8,5,26
1397,168,188,89,98,84,89,51,58,83,107,146,140,34,24,24,14
1117,70,131,93,73,66,60,76,89,112,107,90,93,29,3,0,25
897,75,81,70,69,67,56,47,71,72,47,99,53,46,27,6,11
2977,299,181,163,198,91,144,292,199,106,213,225,501,205,68,51,41
2236,277,55,132,95,86,187,62,116,102,88,267,147,236,163,100,123
3231,241,117,153,143,127,109,98,62,85,96,335,458,427,305,244,231
1322,70,33,16,44,18,61,35,27,46,98,170,135,220,74,131,144
2061,257,77,208,219,216,174,135,106,53,173,170,157,51,40,15,10
2287,199,20,140,74,130,59,157,156,26,121,112,328,201,106,293,165
1801,265,149,126,163,149,165,49,105,76,91,80,152,110,31,61,29
1207,131,31,128,30,73,91,35,29,29,144,139,167,68,68,11,33
1153,464,199,105,132,53,14,21,12,40,57,42,7,0,0,0,7
1825,637,245,216,111,97,29,56,80,23,29,58,136,75,33,0,0
3144,64,23,14,65,63,70,47,203,207,322,431,545,463,357,145,125
1599,50,46,53,43,64,97,63,81,20,129,141,334,146,146,144,42
1336,68,110,54,83,81,83,92,66,81,96,94,185,133,31,13,66
1622,81,99,204,145,125,55,81,36,56,96,166,191,163,19,54,51
1815,708,147,156,131,56,65,108,72,28,41,100,63,57,19,19,45
711,133,133,32,85,12,9,39,28,18,39,32,70,18,26,29,8
1237,85,30,55,44,64,46,88,74,82,151,151,155,155,14,20,23
1820,94,30,79,77,44,63,62,72,56,192,173,268,192,169,150,99
1620,90,18,112,79,44,88,0,18,27,86,99,260,103,104,120,372
2726,78,144,48,110,87,129,180,99,97,153,267,260,184,32,294,564
1597,53,53,48,35,21,83,40,157,26,130,183,227,154,135,158,94
2601,193,10,110,177,73,174,92,69,134,225,159,417,235,140,159,234
2267,94,29,14,51,111,42,10,97,0,256,186,382,165,226,273,331
2050,108,4,128,25,177,70,75,165,76,158,290,173,118,161,175,147
1270,32,0,0,0,0,15,29,35,17,34,94,129,120,169,154,442
1559,56,0,15,38,20,26,43,67,37,78,105,276,136,127,238,297
2738,121,49,76,90,67,51,115,29,135,118,223,529,209,170,401,355
916,35,26,16,53,29,24,27,17,12,44,58,84,91,101,129,170
2614,80,60,31,36,73,90,104,87,78,162,306,329,388,174,379,237
1273,72,27,54,65,26,46,47,28,31,157,123,172,57,121,95,152
2872,83,41,31,86,134,104,92,140,40,219,264,364,294,348,396,236
1454,93,25,56,66,81,35,48,55,62,102,76,197,153,78,163,164
1990,158,150,74,83,134,86,90,107,60,210,347,228,122,47,83,11
1680,100,212,60,118,63,91,111,167,81,96,137,256,77,43,58,10
1886,101,100,168,92,63,158,81,63,92,181,254,388,50,38,57,0
2198,90,47,176,82,59,92,145,143,113,127,334,415,121,72,136,46
1873,188,141,113,145,123,139,109,197,32,117,188,116,153,95,17,0
2309,156,47,96,65,0,138,42,228,70,284,295,354,184,121,143,86
1940,80,61,97,152,50,105,63,161,121,103,142,342,239,79,94,51
2062,105,77,103,101,102,97,45,83,38,119,330,333,214,152,151,12
2228,166,231,148,94,109,190,211,164,156,183,250,92,144,81,0,9
1879,49,126,112,137,33,120,74,103,110,183,251,273,187,90,21,10
2626,116,132,186,182,125,134,195,110,170,305,275,255,203,48,58,132
2091,118,41,38,70,55,87,59,14,166,38,286,444,287,162,144,82
1737,124,160,130,84,124,82,42,100,98,197,203,166,167,32,19,9
1479,61,73,96,117,65,45,105,100,124,179,153,135,154,59,13,0
2538,128,99,128,105,47,86,104,112,98,221,391,421,283,114,149,52
2617,207,139,88,155,118,79,56,110,185,282,238,457,289,79,93,42
2286,61,10,145,61,26,84,45,110,107,311,345,345,410,65,95,66
2220,42,58,56,50,63,84,102,143,108,118,216,314,286,162,264,154
1534,56,78,119,46,118,150,66,53,115,239,122,181,141,8,0,42
1198,199,126,44,90,68,166,124,65,21,16,94,102,51,32,0,0
2246,277,124,126,134,363,262,96,240,132,169,98,142,52,20,0,11
1151,7,19,0,0,25,34,31,28,50,49,47,296,307,79,104,75
2365,54,131,20,69,52,107,47,19,72,316,381,222,323,112,272,168
1672,17,0,26,15,0,13,50,54,11,148,123,263,298,169,274,211
1907,39,65,16,19,78,24,23,110,30,103,176,395,251,196,165,217
1457,93,92,56,85,27,9,98,25,20,104,165,186,186,199,73,39
1903,115,35,74,96,69,49,145,74,108,96,149,475,99,118,120,81
1741,93,105,64,70,91,140,77,104,75,155,274,250,134,43,20,46
3061,426,107,204,104,189,137,51,117,147,303,288,562,204,96,63,63
1458,25,83,25,17,28,25,39,60,48,115,235,344,147,130,101,36
1149,38,92,62,60,7,78,72,58,42,52,131,160,116,132,27,22
2753,85,0,71,161,76,98,295,192,239,245,480,310,207,153,91,50
1615,52,83,58,17,55,69,44,102,50,112,166,286,235,167,98,21
2579,92,0,61,94,96,104,80,41,33,126,104,362,322,263,274,527
1764,163,137,47,106,44,11,29,89,34,194,175,115,236,143,141,100
1517,105,49,6,34,54,83,70,89,18,69,110,246,158,107,110,209
1158,156,0,99,0,36,99,106,33,13,204,84,101,79,36,65,47
1936,64,51,72,123,57,125,34,110,141,167,211,179,256,126,145,75
1149,24,41,17,39,70,61,32,116,23,89,116,147,125,79,92,78
1209,77,29,127,45,44,45,79,8,44,195,130,205,89,29,63,0
1436,15,32,49,81,47,49,76,92,52,119,166,318,144,51,77,68
1091,82,81,81,50,84,57,49,44,34,140,105,113,104,44,23,0
1360,22,0,104,230,86,27,94,8,103,78,214,174,135,62,15,8
1148,41,49,21,34,31,16,47,17,61,67,133,236,149,56,88,102
1284,94,20,55,91,25,83,66,28,50,51,120,168,165,86,130,52
2197,76,61,73,53,130,15,65,85,86,204,152,416,285,251,123,122
1564,28,29,20,51,37,52,9,59,49,190,170,301,250,139,130,50
2194,10,39,30,145,108,52,20,120,19,130,292,302,330,139,240,218
1747,71,8,82,76,94,18,72,79,8,116,160,378,250,161,101,73
1653,50,101,107,70,107,135,141,25,67,105,178,193,159,128,49,38
1811,24,38,73,56,94,144,87,70,105,204,252,377,138,89,22,38
2263,29,65,92,103,203,121,133,97,183,124,377,283,167,228,43,15
1992,151,82,85,11,95,75,154,79,88,150,241,337,164,101,156,23
1477,76,18,45,79,60,46,33,34,99,106,139,239,192,140,117,54
1659,30,75,83,23,64,108,65,44,105,147,217,243,162,146,106,41
2331,35,0,92,44,284,61,188,116,102,195,274,412,250,78,127,73
2111,124,84,56,84,91,180,128,139,66,266,171,358,158,107,68,31
1770,19,124,128,58,157,136,155,100,143,144,193,248,146,15,4,0
952,16,23,29,33,43,56,32,49,21,109,167,215,88,36,35,0
1645,73,73,21,130,34,84,198,50,29,164,187,216,151,75,114,46
2187,159,120,79,131,89,62,71,108,52,300,308,295,246,54,113,0
1859,70,41,118,133,47,40,63,107,66,85,217,375,238,126,106,27
1455,55,95,86,38,41,78,106,60,76,99,233,178,131,68,66,45
898,42,26,63,81,30,44,34,14,36,90,108,88,62,81,27,72
2693,112,25,165,114,104,188,103,227,142,295,239,376,222,133,170,78
32,0,0,0,14,0,0,0,5,0,4,4,5,0,0,0,0
1305,57,98,74,88,82,91,90,113,93,134,130,144,27,56,28,0
1668,313,105,78,90,102,64,88,82,64,165,183,66,133,47,37,51
1228,74,45,106,182,22,91,65,27,23,102,183,115,95,79,8,11
1555,77,45,53,85,41,114,149,100,74,173,160,245,67,32,44,96
1811,70,78,223,251,104,128,96,67,63,93,129,254,186,8,38,23
982,25,52,64,71,37,25,46,59,67,100,82,159,103,49,43,0
860,36,32,62,42,81,13,60,59,72,67,84,146,48,33,21,4
1813,122,80,156,82,140,62,137,176,242,149,118,154,64,42,45,44
2115,85,114,130,156,99,219,200,58,39,103,305,345,107,64,32,59
1338,99,73,77,115,101,42,94,99,56,80,102,181,112,22,42,43
1074,41,48,54,89,63,139,53,47,41,56,133,141,52,88,25,4
2647,86,127,142,231,166,105,154,152,47,335,302,321,255,156,61,7
1562,49,112,117,151,61,130,38,112,55,132,193,155,145,41,56,15
893,23,33,30,24,39,61,48,56,22,99,35,188,86,73,64,12
2393,95,92,73,244,63,120,138,32,72,202,332,356,208,149,68,149
2479,25,195,123,83,74,105,85,55,89,288,391,320,315,126,114,91
1604,132,86,96,92,130,107,65,103,72,202,158,188,77,44,52,0
2348,239,225,95,165,61,141,76,155,73,168,387,229,234,49,45,6
1943,209,129,137,74,51,90,129,80,55,197,204,200,210,104,50,24
1837,133,42,61,112,40,82,71,79,70,183,187,267,266,75,97,72
1363,79,76,37,113,42,54,88,59,67,109,164,246,102,83,21,23
2493,135,105,256,121,170,196,182,77,235,160,327,291,43,66,64,65
1099,146,112,52,46,36,78,46,38,42,96,80,172,82,19,13,41
1320,149,33,77,112,82,85,41,127,73,201,109,121,69,8,23,10
2515,109,96,159,270,128,268,106,182,171,214,169,346,178,27,54,38
1165,94,98,239,100,9,55,89,53,60,110,104,82,26,12,20,14
1003,189,81,89,100,28,84,8,81,35,70,104,74,22,6,0,32
2597,354,244,269,221,332,209,93,144,98,235,271,81,7,27,12,0
1108,109,147,19,18,32,64,56,62,55,84,95,155,59,37,100,16
2992,350,206,178,239,224,267,190,86,233,245,218,242,155,59,63,37
1230,66,90,111,113,111,19,44,137,8,169,36,128,119,42,17,20
2856,252,174,143,195,259,167,266,135,132,202,407,243,105,109,51,16
3357,380,419,169,229,142,164,277,213,327,214,239,194,139,65,113,73
2337,278,183,168,288,200,159,132,85,92,112,172,299,77,51,3,38
2940,285,146,190,293,202,266,89,137,152,305,243,337,161,72,51,11
1738,143,109,164,153,166,90,108,111,44,189,199,127,31,57,27,20
2505,175,165,340,200,174,196,89,67,157,185,204,230,159,45,89,30
1697,72,84,174,100,75,148,125,143,116,240,242,91,60,8,19,0
1625,313,113,133,184,95,55,116,49,28,160,93,135,91,12,37,11
2139,129,223,253,119,187,12,106,60,103,184,289,194,208,20,38,14
1995,198,39,77,102,154,62,106,97,125,226,249,270,215,27,48,0
2408,135,65,174,224,135,34,417,104,170,65,220,461,61,36,58,49
2188,144,88,434,239,114,100,162,157,161,60,135,244,117,16,0,17
761,22,7,27,12,4,63,5,6,35,37,98,117,86,138,41,63
2030,115,286,184,292,155,187,152,84,88,121,160,62,51,55,18,20
3682,306,210,348,252,238,223,228,274,247,126,394,429,152,57,97,101
1805,147,88,87,116,68,217,74,46,73,104,265,256,115,100,23,26
1074,87,43,142,40,23,34,55,13,102,70,91,136,158,22,12,46
2241,91,63,182,134,74,126,108,85,128,194,321,289,176,136,50,84
2931,194,173,44,162,151,50,108,139,134,160,379,482,393,153,59,150
3039,99,153,208,190,176,36,237,123,240,150,387,218,456,208,56,102
2555,132,237,180,161,259,189,77,205,78,280,203,246,170,92,34,12
3075,437,308,92,300,339,170,227,234,89,207,293,225,124,30,0,0
4507,276,250,272,338,320,233,207,322,119,347,720,539,330,142,84,8
903,64,9,35,68,20,27,23,59,69,99,134,123,129,25,19,0
3874,75,262,161,142,93,147,226,102,184,357,395,736,374,139,292,189
2690,158,76,17,115,27,157,138,222,98,212,372,466,300,177,95,60
4385,195,98,227,146,179,204,76,124,149,254,632,631,489,166,358,457
2229,74,77,120,96,117,91,113,57,53,160,224,245,271,199,109,223
2586,279,138,68,268,227,177,208,131,148,189,194,139,248,67,28,77
2298,269,130,179,215,299,210,112,172,33,175,194,163,56,40,14,37
3181,321,246,178,313,149,234,189,139,140,331,294,387,129,38,93,0
3371,412,187,429,326,326,175,160,224,138,341,183,232,118,39,33,48
676,77,0,4,17,24,9,26,4,0,50,85,149,130,32,55,14
3466,147,186,185,295,98,227,81,53,130,182,524,634,346,160,121,97
2832,155,13,69,111,123,167,235,126,232,241,309,494,162,181,118,96
4377,116,79,153,194,277,365,186,240,115,532,580,564,367,311,161,137
1035,137,66,138,105,91,51,50,36,43,68,61,121,59,9,0,0
1570,173,119,119,68,116,95,73,97,83,135,138,189,54,57,12,42
1552,70,81,110,139,119,101,110,156,64,110,192,143,65,56,9,27
1153,119,76,110,64,65,92,70,96,60,96,84,102,74,26,0,19
1783,67,79,107,180,136,86,181,85,137,120,179,127,150,109,12,28
2559,183,213,235,195,186,231,213,99,142,272,215,268,32,27,26,22
1401,80,24,126,80,84,86,48,57,76,132,99,234,98,53,65,59
2036,76,102,146,56,33,121,106,174,76,191,206,279,133,162,45,130
3553,237,171,255,189,294,213,200,214,209,229,326,386,265,159,67,139
2376,201,170,372,167,249,198,69,67,27,251,252,169,110,42,18,14
1249,76,114,50,107,75,148,52,105,80,101,125,127,58,13,11,7
1102,33,36,59,47,52,76,42,113,72,47,188,141,86,98,12,0
3615,472,480,468,145,205,67,194,242,82,447,308,264,178,48,15,0
2348,151,223,190,264,43,126,140,171,129,277,142,176,86,108,52,70
2229,120,136,169,222,135,148,206,62,96,187,292,218,188,8,14,28
2817,171,142,168,170,200,222,197,264,51,273,372,341,88,83,57,18
2668,218,217,157,259,277,312,242,13,107,204,230,335,41,36,20,0
1319,46,96,40,78,62,144,67,116,75,167,145,182,65,4,32,0
1828,118,97,117,164,148,142,71,135,75,164,109,344,103,29,0,12
1677,247,159,108,107,144,41,89,64,154,153,161,124,74,9,43,0
2117,226,184,119,97,169,128,107,198,51,279,263,206,50,28,12,0
1859,128,103,93,89,165,213,112,88,206,153,156,226,44,12,57,14
883,65,42,61,57,73,30,25,92,33,92,115,108,52,16,15,7
996,107,72,76,135,73,72,57,31,27,58,98,82,43,26,18,21
2323,169,241,189,208,117,199,103,111,178,141,159,177,111,126,27,67
2231,139,198,140,201,245,97,201,64,143,208,214,190,75,68,44,4
882,98,54,76,66,52,62,49,108,25,78,62,49,40,31,20,12
1302,20,36,82,31,86,56,78,74,55,154,249,228,39,55,35,24
2653,14,87,279,114,43,94,70,74,121,235,285,659,275,114,61,128
2472,168,83,74,331,56,213,121,114,142,199,274,295,173,98,93,38
1717,26,36,84,119,105,78,61,97,82,336,129,281,180,47,30,26
809,230,134,122,79,39,13,49,11,44,10,25,0,0,27,10,16
1281,159,183,140,161,58,71,76,73,34,191,85,40,10,0,0,0
1383,249,104,119,248,86,110,135,104,25,99,31,73,0,0,0,0
1493,160,89,42,184,157,65,119,99,136,72,137,171,44,7,0,11
2236,335,126,204,98,256,212,231,68,75,235,222,119,11,33,11,0
1486,45,32,69,28,123,60,58,59,73,191,235,200,80,91,104,38
1773,48,0,40,101,76,97,87,68,150,124,270,308,165,88,122,29
1661,128,104,117,50,174,104,80,85,186,69,253,156,105,10,23,17
1728,49,40,181,126,70,165,175,160,159,163,173,149,79,0,39,0
1286,123,102,91,57,94,177,61,34,87,46,145,86,101,52,7,23
2244,403,308,241,132,124,230,37,65,18,281,124,174,48,31,0,28
2757,105,112,129,57,101,68,106,103,131,283,327,382,246,258,179,170
2865,321,134,232,273,176,77,197,147,43,132,347,381,127,23,149,106
3394,137,222,123,323,190,173,104,253,72,172,428,819,156,84,66,72
2383,95,241,117,153,229,130,89,176,101,281,236,268,88,94,20,65
3144,64,194,178,185,177,96,78,143,227,175,290,602,260,264,171,40
2725,149,64,142,226,224,198,225,102,239,306,368,305,110,57,0,10
1552,60,73,50,71,103,157,146,99,51,179,265,136,150,12,0,0
2080,111,165,96,77,218,151,100,115,36,119,332,389,62,35,28,46
1465,58,37,54,106,78,184,186,74,107,162,119,126,103,8,30,33
1549,100,125,59,104,69,44,139,82,112,153,209,173,131,15,23,11
3141,150,121,177,167,175,169,142,157,236,369,366,370,156,180,101,105
3443,238,27,168,154,163,169,288,212,53,285,496,529,312,92,210,47
2260,59,137,95,130,274,150,173,210,93,145,207,145,185,52,102,103
1705,130,229,213,130,316,81,71,137,27,152,117,83,9,0,10,0
2727,345,189,159,179,253,76,104,78,146,251,264,397,157,70,41,18
3356,419,389,338,272,107,238,168,234,145,262,240,279,160,63,0,42
3736,329,294,126,174,210,256,159,220,169,257,516,422,289,67,114,134
1010,165,132,163,34,113,47,25,71,43,7,59,86,37,0,21,7
1071,83,89,61,69,80,70,53,33,151,28,99,97,66,36,37,19
1621,199,53,99,70,138,97,54,85,33,156,185,96,147,86,36,87
2112,229,96,74,98,48,84,116,69,97,123,278,195,86,225,164,130
695,116,10,37,12,29,65,26,0,16,67,71,63,55,31,61,36
893,62,25,68,38,32,63,29,32,58,65,136,75,94,48,41,27
1093,93,46,51,88,25,58,43,31,3,76,176,92,101,70,65,75
1061,84,82,50,96,66,67,74,25,38,156,133,85,59,24,22,0
2856,249,249,234,314,151,57,254,132,150,247,180,370,90,120,28,31
1802,83,45,80,120,107,80,148,142,48,200,300,143,118,118,38,32
3270,213,366,315,143,252,209,132,224,132,272,393,302,218,24,15,60
1790,120,69,194,35,125,121,80,70,80,120,299,217,88,102,55,15
2204,315,134,124,85,78,172,151,46,17,143,226,410,125,69,16,93
833,92,66,27,42,63,18,39,69,56,91,75,130,50,7,8,0
625,39,49,44,52,55,16,6,34,32,83,60,37,38,16,30,34
1355,174,118,108,76,38,129,154,115,83,100,132,16,55,57,0,0
1954,104,97,126,125,185,44,97,182,65,183,317,224,51,67,25,62
1416,33,57,87,59,62,191,92,89,68,160,112,280,54,26,25,21
1699,155,51,79,122,142,137,89,116,76,183,122,222,151,22,18,14
897,56,73,32,74,50,11,26,40,55,108,80,166,85,35,0,6
2276,161,129,101,185,185,125,104,168,105,345,184,260,119,57,14,34
1591,96,42,13,124,31,67,141,104,68,128,214,171,130,132,39,91
2392,408,233,277,215,142,312,99,72,75,85,158,142,70,49,44,11
2751,264,218,148,176,222,163,107,164,137,259,264,338,68,31,112,80
1741,265,145,152,224,165,121,38,156,59,87,107,114,51,21,23,13
2704,359,227,315,189,254,250,123,171,67,109,207,218,120,66,0,29
2176,159,174,176,132,206,63,186,79,82,149,269,288,120,39,14,40
1051,127,47,69,94,62,72,31,31,57,95,107,186,20,33,10,10
1908,183,203,102,106,92,93,140,125,48,221,193,172,137,44,6,43
3711,222,273,410,357,292,171,230,231,230,360,279,326,186,72,42,30
2825,261,437,234,77,162,207,94,222,118,206,273,233,191,45,28,37
2979,226,99,159,103,226,340,151,177,87,343,261,286,332,47,69,73
1137,95,76,112,11,88,15,87,75,50,55,140,182,54,41,37,19
988,105,76,31,96,10,46,79,28,53,184,76,114,24,40,9,17
3263,480,446,337,290,271,145,193,173,160,188,215,251,78,30,0,6
1450,87,105,229,68,109,32,127,78,40,191,123,154,14,35,58,0
1934,168,155,120,196,105,230,111,94,133,221,176,148,75,0,2,0
1356,96,51,109,144,93,81,75,71,67,77,145,104,121,46,76,0
561,54,49,31,47,44,17,59,32,16,36,58,55,28,29,0,6
660,186,76,39,11,41,17,26,16,14,45,52,39,40,22,34,2
484,25,23,44,41,38,28,35,5,13,32,46,122,24,4,3,1
821,16,51,64,49,61,27,25,64,27,50,131,138,70,14,2,32
1002,34,73,78,113,66,56,35,48,61,99,118,136,48,27,0,10
1789,177,111,58,183,95,132,84,125,53,123,81,258,125,43,96,45
1006,31,42,55,29,28,0,51,63,68,93,107,118,116,66,77,62
2068,86,150,186,90,79,50,41,99,119,84,352,305,215,120,21,71
1048,151,147,16,32,65,100,67,70,46,102,124,64,11,9,44,0
2369,75,164,221,86,214,157,132,159,103,96,410,291,126,79,15,41
2024,106,97,79,59,149,97,155,125,195,276,200,224,184,29,32,17
1751,174,120,154,112,144,199,123,118,151,159,119,130,36,12,0,0
1410,202,158,213,206,151,101,106,69,101,69,14,20,0,0,0,0
1370,207,145,117,167,98,73,48,57,122,97,91,20,53,20,34,21
1071,261,215,149,59,59,27,94,12,35,26,60,32,7,25,10,0
1445,191,105,79,144,122,116,104,79,66,78,138,121,94,8,0,0
1759,118,174,120,48,114,76,84,32,27,253,111,201,116,134,85,66
1253,145,109,114,250,109,56,47,59,48,79,108,49,57,0,15,8
2313,171,145,316,165,141,102,94,120,112,223,212,259,106,91,46,10
2131,162,149,54,190,180,98,122,135,53,200,208,248,193,47,74,18
2006,107,43,63,151,58,138,100,82,68,160,178,320,202,127,140,69
893,56,29,37,59,29,58,38,35,70,73,105,81,65,48,62,48
1435,77,86,86,20,73,83,98,86,55,153,179,193,138,47,36,25
1880,117,147,94,145,109,92,124,108,97,133,222,235,148,27,82,0
1328,97,108,165,83,51,87,82,55,22,111,81,150,118,63,32,23
853,82,68,84,74,77,56,31,48,30,70,63,81,58,17,8,6
1148,58,90,133,121,32,85,67,47,30,84,119,121,80,49,7,25
1899,188,198,259,168,105,139,75,97,74,43,210,189,19,34,60,41
1231,36,82,142,116,124,47,98,102,26,95,136,155,7,36,0,29
2120,185,148,191,251,154,220,59,165,68,200,137,215,97,9,21,0
1007,57,105,117,41,123,86,71,71,29,73,123,66,35,0,0,10
666,32,48,21,66,8,22,18,91,9,61,98,119,38,11,7,17
1816,73,58,125,62,131,58,189,107,114,151,257,295,119,33,27,17
1897,180,54,92,41,71,134,54,110,95,140,308,255,105,120,86,52
1057,84,94,54,49,97,151,73,32,55,58,86,143,26,21,34,0
946,144,40,5,94,59,75,13,70,37,78,48,86,68,68,17,44
1678,156,53,31,97,89,85,67,93,59,91,199,312,103,66,122,55
2121,93,91,125,103,21,171,83,26,112,217,264,408,83,106,117,101
1380,96,87,98,134,44,113,110,51,58,97,170,180,62,54,18,8
1642,95,117,172,144,87,148,72,54,81,156,179,206,19,8,53,51
1624,140,81,117,74,123,181,86,105,64,118,197,191,65,55,27,0
1364,175,119,148,44,150,55,34,96,35,167,86,142,65,8,33,7
1921,207,211,195,129,100,112,58,124,68,189,269,133,102,11,6,7
967,131,84,52,82,86,73,39,41,32,45,90,114,25,28,45,0
1975,285,80,231,77,115,89,37,103,135,308,159,175,88,80,2,11
1855,95,53,113,107,99,106,95,77,25,253,269,322,120,51,48,22
2238,146,134,110,76,240,101,77,140,48,201,142,262,198,168,96,99
1897,67,31,82,44,106,99,112,109,77,181,277,382,154,61,75,40
1572,86,75,93,72,87,77,80,133,132,187,161,160,179,28,22,0
1328,34,35,51,87,40,47,84,96,55,208,156,170,144,57,26,38
2593,261,180,171,156,229,102,239,120,160,147,362,346,120,0,0,0
1023,50,85,79,54,76,84,43,124,7,69,154,159,15,24,0,0
2040,121,176,187,328,194,247,141,113,75,148,105,102,60,43,0,0
1368,112,67,137,76,82,39,29,91,74,112,99,275,77,47,42,9
1976,54,120,97,147,63,91,77,150,70,217,294,137,197,73,125,64
1081,121,43,97,178,53,61,92,40,22,48,129,101,55,24,7,10
2835,247,185,206,324,246,214,328,100,138,264,273,120,108,20,12,50
1598,68,48,90,37,92,114,31,69,116,133,215,163,126,77,108,111
2487,244,32,126,111,113,95,193,141,82,147,344,188,265,165,79,162
1552,208,214,71,166,75,98,53,112,64,102,109,110,116,29,25,0
1651,67,58,66,31,51,76,72,102,96,149,219,303,178,116,47,20
1530,66,64,62,61,34,53,45,64,134,99,207,258,168,114,65,36
1682,23,22,53,137,57,82,48,115,88,150,285,242,106,72,112,90
1680,52,87,41,125,122,130,93,56,79,180,247,254,111,48,38,17
1755,98,73,142,49,116,88,126,128,106,216,202,208,140,0,43,20
2891,154,83,226,77,193,66,64,127,89,270,510,438,354,136,47,57
1027,54,38,44,121,218,34,86,73,33,50,60,112,46,11,37,10
2403,61,173,120,144,142,191,181,178,193,322,305,211,133,42,7,0
1517,151,69,86,90,90,78,110,100,88,121,192,162,88,75,7,10
1728,92,50,73,146,89,208,152,101,17,154,226,237,122,19,35,7
1760,77,155,181,68,129,90,12,89,77,162,204,255,160,66,24,11
1103,20,13,47,34,39,10,89,40,65,150,86,135,159,81,91,44
1867,127,81,119,80,178,92,237,88,97,142,137,134,109,61,123,62
1959,68,15,136,39,110,64,62,83,160,265,210,280,171,105,152,39
2515,204,189,147,157,117,186,134,120,117,154,266,257,198,99,92,78
3013,793,365,301,154,114,142,85,34,65,142,156,203,155,98,64,142
1229,131,116,182,92,100,32,153,51,50,108,90,77,26,0,10,11
1684,222,130,184,132,42,89,26,105,35,113,188,242,86,46,26,18
1342,172,72,125,137,83,120,100,26,84,55,170,156,27,8,7,0
1456,370,50,209,150,99,59,142,27,69,51,121,46,29,34,0,0
1883,102,114,91,174,117,138,91,255,94,157,235,207,25,71,0,12
1626,40,90,35,28,97,82,59,82,62,149,452,210,105,100,20,15
1584,111,184,112,147,98,79,46,60,73,50,77,186,114,54,65,128
461,172,20,18,21,22,0,29,27,0,36,22,32,17,0,37,8
2763,1771,148,94,116,151,210,39,77,30,0,45,42,0,40,0,0
1537,519,224,128,152,109,49,35,115,9,71,82,21,13,0,10,0
1338,224,243,160,85,58,81,63,97,18,77,90,56,66,0,0,20
1588,49,115,94,114,114,48,110,52,63,209,179,243,122,48,28,0
1672,392,221,139,107,128,91,122,32,92,81,84,83,32,0,36,32
2795,315,269,186,190,352,168,92,270,108,170,273,290,63,49,0,0
2432,303,177,150,140,252,115,162,112,174,251,258,147,120,35,0,36
2167,441,187,161,94,233,177,208,110,59,103,269,63,25,26,0,11
1319,47,30,54,13,6,41,112,70,17,67,205,212,129,102,136,78
1884,91,8,38,30,64,55,89,73,51,92,255,236,249,159,133,261
1414,225,128,83,164,104,92,88,59,47,146,70,69,67,18,33,21
1743,330,201,221,17,100,122,76,133,81,109,132,126,76,19,0,0
1210,80,84,46,127,34,89,104,33,51,204,132,113,27,52,17,17
1661,307,130,98,161,34,85,56,65,70,85,155,114,98,32,58,113
2138,949,250,141,122,82,120,31,69,40,66,83,63,5,46,42,29
1587,201,92,69,63,45,24,30,55,88,55,157,142,172,142,138,114
2252,113,49,91,34,162,125,155,106,172,275,238,279,169,33,121,130
1473,152,104,94,114,19,112,80,105,118,126,183,166,61,9,30,0
919,32,58,47,37,10,68,21,10,16,89,127,123,96,64,81,40
1029,53,17,43,83,49,69,29,38,35,71,100,211,144,21,43,23
2217,7,35,157,108,41,132,67,110,29,203,163,404,268,200,226,67
1407,100,124,30,95,72,100,53,59,88,100,124,258,83,70,16,35
608,31,43,19,19,0,19,10,30,43,65,89,180,39,6,15,0
1455,170,107,181,142,100,15,29,66,78,72,104,258,33,52,35,13
1986,166,143,162,270,218,147,122,134,53,126,122,239,30,22,21,11
1325,168,40,39,156,93,84,77,66,75,206,150,43,54,51,16,7
1177,86,33,126,87,60,80,77,51,67,96,157,100,45,69,24,19
1721,168,134,161,99,99,62,82,75,82,179,162,181,80,93,53,11
1344,102,69,62,96,92,31,32,31,78,152,129,146,185,41,64,34
931,59,162,47,39,33,71,57,72,34,28,109,109,72,30,9,0
843,99,45,73,42,85,40,48,21,27,42,61,82,59,41,38,40
892,44,17,74,38,64,21,67,48,32,97,100,163,43,14,29,41
1029,39,47,52,48,87,87,110,48,50,69,93,129,54,50,58,8
1045,62,55,86,88,72,10,73,28,105,106,152,106,91,11,0,0
982,171,16,56,36,116,70,46,74,51,70,78,68,30,58,10,32
1650,139,156,97,130,115,74,90,59,111,207,161,124,121,43,7,16
1038,49,54,54,94,111,80,83,47,50,127,93,88,50,40,6,12
1480,84,84,131,133,113,89,77,57,9,68,190,125,105,110,90,15
3446,149,218,125,190,158,47,198,159,148,244,703,565,270,176,77,19
786,67,40,51,44,43,35,38,36,21,71,119,81,58,41,20,21
2638,87,63,98,129,144,96,137,46,191,211,258,547,296,184,73,78
1654,149,115,199,168,118,219,146,71,91,123,94,118,21,12,10,0
1716,173,157,216,156,156,72,109,45,115,118,90,205,82,8,14,0
3436,204,130,182,149,175,147,222,211,205,491,401,555,245,73,46,0
2022,161,169,182,88,199,116,187,167,42,199,151,245,46,59,11,0
937,194,102,98,37,75,67,52,11,33,117,89,46,10,0,0,6
2260,275,173,282,215,179,130,104,48,153,264,175,161,67,15,19,0
2204,145,36,104,122,140,108,108,181,176,155,200,443,122,97,28,39
2462,118,95,79,173,155,117,68,62,141,234,462,328,284,71,42,33
905,73,28,36,42,92,23,44,57,24,63,112,189,80,5,10,27
2553,351,165,331,209,147,102,105,112,75,331,88,349,47,87,42,12
2757,242,251,178,145,225,175,122,191,118,249,308,398,100,14,15,26
1527,99,46,43,32,73,70,103,92,112,187,170,215,107,83,52,43
2284,92,68,70,65,190,38,171,104,148,324,328,326,112,144,89,15
1540,70,80,89,111,68,78,58,123,86,115,212,190,102,54,61,43
2903,254,167,136,125,172,130,123,153,395,360,328,344,133,23,60,0
2643,105,79,116,153,164,147,231,240,109,268,205,316,237,152,104,17
2515,207,189,275,209,147,119,196,169,81,160,297,334,66,17,27,22
1534,185,97,117,140,76,76,51,82,54,138,260,126,93,24,8,7
1770,137,194,109,158,97,66,124,66,40,160,258,178,84,59,17,23
1638,256,243,118,126,55,116,96,88,8,44,82,169,97,34,66,40
1708,422,222,323,126,85,101,100,21,69,114,64,61,0,0,0,0
1749,106,68,100,151,40,158,47,136,98,288,212,156,101,32,23,33
1520,134,146,101,129,147,72,130,57,104,143,137,144,45,13,9,9
620,34,38,40,51,36,29,48,43,24,37,48,116,22,16,12,26
1131,53,81,88,65,105,52,106,42,39,111,90,155,115,8,6,15
1153,311,22,21,104,13,169,36,42,52,37,86,77,102,49,0,32
1887,234,176,102,209,142,115,55,81,172,207,183,123,39,37,6,6
1811,187,243,261,232,155,100,74,68,21,128,169,118,46,0,9,0
1154,30,177,33,33,44,65,22,118,47,260,131,151,24,19,0,0
1709,263,210,206,114,135,147,63,107,34,170,189,71,0,0,0,0
2093,220,141,171,48,192,126,116,149,142,198,132,168,135,100,39,16
2036,286,253,96,239,108,159,86,114,96,180,166,114,105,19,15,0
2287,204,148,122,166,208,159,134,212,95,195,268,182,97,52,0,45
1566,246,160,77,204,58,72,168,122,17,150,93,150,31,7,11,0
1890,76,108,75,80,111,157,176,114,168,108,208,289,84,59,38,39
1698,133,187,136,141,99,52,144,138,45,109,147,150,57,9,90,61
1984,91,180,120,63,101,54,75,156,151,206,146,189,143,124,114,71
2432,101,50,173,70,216,167,99,110,142,278,323,227,248,80,111,37
2143,30,122,25,155,112,95,130,141,47,298,331,434,82,50,53,38
1664,121,132,48,33,81,151,76,18,104,115,230,205,168,115,41,26
1751,77,100,84,81,95,150,127,142,78,202,167,260,77,59,30,22
1801,114,127,203,114,178,79,160,93,124,70,192,195,130,22,0,0
2601,184,151,185,24,164,218,131,191,112,178,261,326,126,203,114,33
2986,542,219,298,200,213,168,142,268,215,218,171,162,147,0,14,9
2195,76,49,120,137,45,116,204,197,81,211,350,453,94,26,30,6
2876,185,133,139,238,281,330,246,132,188,294,276,238,115,40,33,8
2396,331,214,276,128,119,126,94,269,41,206,328,141,37,63,23,0
1799,86,107,91,158,200,67,138,172,70,160,186,175,123,16,31,19
1553,58,35,39,64,62,127,111,65,110,151,250,297,70,67,19,28
2383,299,69,162,162,190,193,57,153,181,232,340,199,76,70,0,0
2465,237,25,127,81,155,157,214,292,112,261,364,296,68,43,17,16
1160,144,76,100,106,123,74,62,57,26,103,105,98,29,26,21,10
3682,201,120,181,163,143,241,275,123,74,390,381,269,388,242,348,143
1106,54,107,45,121,91,10,63,85,51,131,41,199,61,31,16,0
2527,170,128,102,212,159,182,138,89,141,147,294,349,339,55,0,22
848,12,5,10,81,28,37,34,28,11,101,96,225,56,70,13,41
2379,80,123,75,98,92,106,41,79,14,211,193,679,250,190,121,27
1123,42,12,52,49,39,89,48,50,39,112,160,239,101,77,5,9
2862,122,29,88,172,188,136,138,201,116,131,328,467,349,154,86,157
2255,13,61,110,73,99,238,161,181,89,60,309,223,268,169,108,93
1484,24,46,53,42,50,84,61,45,73,95,123,281,136,130,97,144
3298,101,129,153,86,123,236,161,95,102,385,273,564,320,231,284,55
1814,123,138,77,192,155,141,72,115,47,121,139,147,166,66,56,59
652,42,37,22,33,32,9,54,47,48,41,70,102,34,52,20,9
3189,118,62,74,75,170,81,103,238,57,329,363,612,403,216,123,165
1486,140,91,71,120,24,89,30,42,44,108,101,109,185,114,117,101
495,22,22,12,11,15,13,50,25,21,27,76,120,14,37,13,17
1009,46,42,51,53,22,29,38,32,43,114,122,130,147,77,14,49
2428,67,94,107,162,188,104,109,148,162,342,274,380,156,76,51,8
1370,62,92,67,35,62,96,109,42,74,188,126,238,102,10,56,11
1579,134,27,92,155,76,157,82,115,120,171,115,173,87,8,67,0
1135,166,78,18,161,58,23,80,50,89,64,181,82,46,8,10,21
2856,206,313,109,415,130,181,161,188,147,186,246,292,165,61,39,17
2303,132,108,136,113,79,140,205,201,69,248,263,345,116,60,60,28
1669,93,95,94,51,93,163,181,112,69,197,139,164,132,47,29,10
1931,99,77,24,121,44,35,84,128,108,132,320,374,139,135,63,48
2339,101,79,107,225,108,112,195,69,43,286,273,320,168,89,58,106
1357,193,40,41,43,22,104,83,64,60,168,236,80,95,66,62,0
938,17,62,66,39,56,64,30,61,62,63,128,153,62,32,27,16
3031,288,316,172,124,165,268,258,111,157,264,252,419,79,74,72,12
2471,114,81,143,148,156,154,95,235,73,194,222,435,227,104,32,58
2084,53,87,123,179,69,45,88,61,223,173,217,325,212,85,99,45
2112,104,43,170,77,112,180,148,75,78,203,250,338,128,48,124,34
2439,117,95,114,114,199,167,106,77,138,349,265,310,196,124,58,10
1302,94,37,162,63,72,65,130,50,73,87,125,154,57,55,48,30
2779,121,26,69,90,127,158,71,293,114,349,253,307,291,183,195,132
2942,304,207,200,76,152,59,157,117,51,308,263,258,381,214,74,121
2074,212,249,62,111,39,134,162,84,88,170,106,358,122,64,90,23
2606,80,41,52,71,66,137,75,31,26,216,287,264,348,269,248,395
1514,62,58,60,46,42,55,130,58,47,101,196,279,194,111,47,28
1480,60,64,81,46,80,77,74,103,118,86,88,343,159,67,34,0
1455,123,88,68,74,66,25,66,106,51,209,160,257,114,26,0,22
1893,220,72,40,86,54,144,111,86,163,216,308,164,136,80,12,1
1926,140,109,66,116,148,179,85,65,137,209,228,238,103,37,38,28
1888,183,50,117,65,137,213,114,222,58,193,137,188,124,87,0,0
1881,150,92,186,85,121,69,49,63,108,229,103,229,232,89,64,12
1974,197,144,97,90,100,125,64,145,57,149,272,340,114,20,37,23
1940,100,133,67,79,71,74,15,90,148,159,283,205,244,170,74,28
2149,233,97,96,63,186,209,102,97,83,178,290,277,84,74,80,0
1711,152,128,75,95,41,73,62,37,73,162,182,260,155,114,46,56
1930,247,93,112,164,153,132,69,173,97,138,163,176,110,56,26,21
2615,254,141,142,82,277,84,65,112,98,208,237,358,243,122,107,85
1254,244,110,115,124,55,117,45,21,72,158,110,31,0,8,31,13
683,32,4,86,36,16,39,59,52,20,65,61,58,55,52,13,35
2660,249,110,133,228,147,176,133,183,115,257,239,358,177,27,56,72
1536,25,36,72,27,50,47,70,60,69,52,203,175,200,174,98,178
1802,204,98,135,153,89,81,47,100,53,96,247,155,103,37,83,121
1261,54,24,13,57,23,67,40,41,20,106,183,230,107,104,79,113
2237,130,115,88,123,93,198,145,85,82,70,213,296,324,69,84,122
1324,41,17,69,46,27,49,69,44,18,120,128,255,176,92,100,73
2489,141,151,129,125,107,83,37,160,178,186,299,200,241,186,99,167
1682,208,37,50,98,115,65,101,127,121,201,193,228,60,33,26,19
2797,175,114,90,179,185,106,71,82,259,191,399,550,304,41,14,37
1408,135,90,69,63,132,68,93,29,118,202,109,153,86,14,31,16
2098,235,70,190,157,101,57,92,139,99,167,297,251,121,28,65,29
1620,101,63,81,62,106,112,148,82,54,90,72,173,232,118,66,60
1948,47,29,45,62,61,117,49,70,76,93,150,266,211,138,211,323
3121,238,206,160,201,283,271,134,176,169,246,157,287,328,144,98,23
1247,191,78,133,217,74,35,56,45,34,63,137,86,18,16,26,38
1463,221,89,140,46,52,9,20,76,48,115,143,180,128,104,38,54
1173,209,56,92,47,89,51,61,64,130,69,117,83,32,44,29,0
1099,25,15,0,9,23,9,21,71,13,126,83,128,96,127,124,229
2009,212,155,123,142,50,87,94,138,50,100,175,192,140,182,121,48
1728,0,45,27,38,41,15,31,69,30,98,67,181,242,198,293,353
2005,132,60,149,139,142,80,102,154,47,129,156,239,97,84,145,150
1088,55,47,20,30,19,42,19,20,11,24,119,150,61,210,102,159
1218,21,44,22,25,53,6,9,30,54,69,80,171,199,132,122,181
1491,228,120,38,66,38,98,71,18,44,72,157,143,149,82,99,68
1241,70,47,29,36,27,24,63,27,110,75,49,186,128,176,105,89
1264,18,28,28,76,28,71,61,38,58,196,148,215,114,62,60,63
1950,41,53,143,40,77,52,116,119,111,135,361,386,183,57,31,45
2376,90,79,70,129,223,148,142,66,218,195,254,302,270,87,45,58
2116,133,96,253,124,88,115,75,36,124,287,275,63,209,155,10,73
1914,87,23,28,80,136,12,51,68,48,137,184,333,203,218,202,104
1899,48,64,53,70,33,60,32,92,28,177,207,308,307,140,158,122
1659,91,44,24,29,56,90,94,33,95,82,114,277,155,130,143,202
1173,152,102,96,7,51,29,53,56,108,53,45,134,132,52,103,0
1236,121,28,54,55,19,31,25,45,52,85,134,253,199,44,53,38
1332,195,193,58,57,83,91,33,50,8,131,125,96,101,30,70,11
1450,138,119,62,78,84,78,18,94,63,116,158,244,85,54,56,3
1519,179,55,97,79,71,120,76,56,38,71,196,199,117,28,84,53
834,13,43,37,4,14,30,57,38,50,48,73,122,96,88,63,58
1822,179,81,137,31,104,83,33,102,95,182,198,208,154,81,94,60
2278,116,49,20,50,45,73,222,63,74,191,333,349,301,109,240,43
689,6,9,6,63,18,12,68,6,56,81,72,101,67,39,70,15
1693,35,106,137,109,91,140,114,18,150,139,177,172,161,75,50,19
988,90,78,22,8,33,39,76,5,16,98,87,114,86,112,63,61
1254,156,56,85,96,70,89,67,15,54,74,83,157,88,84,73,7
1326,101,10,92,50,106,95,25,58,65,127,199,126,221,14,28,9
1667,69,95,129,54,73,131,106,26,81,134,187,178,190,89,88,37
2810,289,142,114,69,207,110,137,98,128,293,267,506,232,139,60,19
1225,82,14,74,0,54,46,68,90,46,81,177,234,112,96,51,0
2776,497,275,108,201,170,96,195,103,111,120,293,333,88,83,82,21
1543,124,121,31,62,82,82,74,52,46,112,101,268,129,79,115,65
2546,283,124,155,145,170,38,196,300,54,140,274,322,179,108,58,0
2190,218,94,77,133,119,88,72,234,154,164,159,265,177,53,183,0
1508,267,100,74,121,57,63,92,43,80,75,131,210,118,10,23,44
424,11,0,5,7,13,17,0,18,11,72,46,54,59,25,32,54
1109,67,56,18,39,35,87,47,92,8,108,67,104,39,56,92,194
1579,48,10,18,46,41,45,17,11,25,105,81,206,137,179,123,487
810,24,41,0,5,31,28,16,14,8,33,39,56,59,91,117,248
2402,234,70,95,49,123,32,212,130,59,146,202,429,217,108,48,248
2089,204,328,139,61,191,94,210,40,16,84,261,122,163,88,45,43
2436,403,282,118,351,89,91,198,76,69,159,110,222,96,32,49,91
1576,71,10,62,38,62,86,69,63,51,122,130,220,257,128,87,120
5076,802,577,337,226,181,206,233,135,42,216,404,444,313,112,389,459
3081,489,199,284,245,171,120,253,129,185,116,233,291,79,126,56,105
1625,393,198,141,123,131,87,65,61,9,66,86,52,85,21,8,99
2283,594,219,191,150,161,79,101,28,39,98,160,297,16,107,10,33
2248,221,83,66,233,92,106,89,67,81,264,136,269,258,47,126,110
2528,265,18,75,64,158,140,96,18,72,30,144,312,176,176,272,512
3637,255,71,34,23,98,225,87,274,164,186,308,600,366,188,285,473
677,79,4,20,15,31,9,59,24,13,39,58,91,68,13,50,104
973,59,30,43,14,15,38,17,19,37,58,108,138,68,91,108,130
997,32,37,21,22,31,44,59,15,101,25,73,81,77,109,109,161
1304,65,12,72,0,67,66,28,36,32,105,168,167,224,78,90,94
1570,39,25,60,48,28,29,74,15,57,65,172,121,167,119,146,405
2192,76,44,101,0,9,45,40,42,38,67,65,352,383,231,353,346
1553,76,81,63,61,47,33,22,149,56,88,222,314,95,80,76,90
1760,56,62,74,65,68,167,52,44,63,131,190,164,186,40,183,215
2440,98,87,57,46,58,66,51,89,44,179,321,369,298,157,313,207
2071,82,158,28,116,151,59,39,150,187,77,245,359,186,88,120,26
1072,34,14,18,40,23,39,12,9,45,108,105,171,139,84,178,53
2316,140,78,75,126,102,159,79,127,81,244,260,280,254,119,116,76
1341,55,33,35,63,71,59,34,35,62,131,139,204,132,154,89,45
1425,57,18,67,92,99,60,88,54,35,118,204,135,127,74,112,85
1011,107,95,35,35,29,20,37,38,38,45,86,31,77,92,21,225
1423,78,19,51,74,41,68,38,41,34,47,71,143,163,194,109,252
1052,6,23,16,35,31,0,12,0,12,87,40,71,92,31,128,468
3104,52,27,82,82,55,12,0,154,32,89,134,322,400,196,521,946
1157,25,26,99,28,35,49,43,67,39,92,88,148,113,90,86,129
1251,52,92,150,88,80,24,30,106,64,62,142,195,79,5,25,57
1199,62,22,130,57,129,57,11,62,39,138,57,233,110,47,45,0
186,6,33,21,0,16,19,26,9,0,25,0,15,5,0,0,11
1347,229,118,61,45,97,47,105,152,24,44,78,180,88,5,39,35
1903,168,92,62,21,111,224,95,113,48,139,218,201,212,58,136,5
1337,147,160,91,86,61,98,55,35,35,146,95,158,60,94,16,0
748,39,24,54,57,39,36,51,11,69,76,140,114,25,13,0,0
754,38,43,24,63,51,85,38,36,24,37,64,88,86,24,37,16
1764,167,105,73,131,144,167,52,93,79,184,127,157,172,44,32,37
1394,58,98,71,212,41,75,35,69,79,210,126,188,47,41,44,0
1116,17,51,39,29,60,123,50,67,51,108,191,171,51,39,58,11
2865,129,231,232,175,197,209,139,190,188,321,246,319,53,105,97,34
1272,84,96,25,202,101,104,80,42,43,86,109,144,62,27,41,26
3227,469,300,192,158,144,172,117,79,280,201,319,486,186,71,34,19
1574,486,152,108,51,125,148,58,99,28,79,86,76,47,22,0,9
1542,168,226,122,83,191,92,21,88,27,165,129,97,77,56,0,0
1623,150,120,162,138,116,66,164,113,70,81,125,205,54,33,26,0
1380,176,34,98,59,74,53,159,73,81,166,155,130,92,15,8,7
1557,159,156,76,111,83,100,71,138,75,79,215,235,34,9,16,0
1709,33,121,119,131,49,87,58,26,118,217,245,253,159,47,37,9
1587,55,73,155,72,54,95,101,79,105,157,277,229,46,68,17,4
3018,202,69,127,220,124,55,167,98,72,142,322,571,419,55,194,181
1414,114,94,123,54,51,74,56,76,28,145,225,214,78,36,37,9
2979,464,265,113,120,173,112,300,92,308,261,375,151,226,19,0,0
1979,277,221,152,118,100,83,179,44,130,99,195,199,81,39,51,11
2163,41,217,94,126,95,105,219,87,88,167,325,265,185,135,0,14
2744,261,187,353,142,154,257,210,186,84,239,213,192,120,57,22,67
1656,122,60,100,86,49,107,123,69,188,169,127,229,73,100,8,46
2128,284,222,144,87,92,108,85,168,81,209,298,132,91,81,19,27
1647,143,131,138,89,108,70,106,98,127,86,160,142,156,47,23,23
2779,97,122,196,165,178,116,157,162,71,227,369,483,235,37,132,32
1861,163,146,57,147,148,142,97,128,22,113,115,269,119,112,55,28
1638,87,117,69,144,41,24,106,105,9,159,200,205,150,94,62,66
1181,112,22,66,51,76,35,58,90,36,154,178,157,47,76,18,5
1840,255,131,123,128,139,107,106,91,130,214,137,125,118,10,17,9
2199,244,142,167,173,114,133,63,113,131,127,209,269,178,66,50,20
1775,292,166,151,180,116,164,85,79,76,68,180,111,55,0,39,13
1955,179,121,142,215,200,119,71,210,29,186,176,145,82,60,20,0
2634,135,252,89,164,275,238,157,153,167,241,312,204,167,32,39,9
1464,353,167,135,106,76,92,70,23,44,172,91,108,4,23,0,0
2700,234,213,309,284,196,79,163,102,131,199,183,323,172,61,51,0
1103,48,29,66,62,66,137,96,23,50,138,200,99,45,16,10,18
1965,42,32,18,46,66,13,32,42,64,153,393,306,321,174,203,60
1270,67,32,65,179,64,30,68,65,99,59,59,165,140,80,91,7
1063,25,12,29,7,45,55,6,112,100,98,113,153,112,92,91,13
1204,45,15,18,7,34,35,51,46,31,135,183,194,141,84,118,67
1818,75,19,96,61,58,172,96,150,43,249,144,246,217,26,80,86
2470,312,389,243,170,208,196,74,76,38,176,283,127,105,41,24,8
1851,89,38,98,59,69,73,99,81,137,242,202,305,170,117,50,22
3569,199,151,203,189,282,95,223,324,291,445,286,515,207,113,30,16
2388,225,24,156,68,193,71,52,119,121,266,310,352,239,50,129,13
2068,132,43,212,131,83,92,161,82,198,92,222,266,108,124,79,43
1539,87,112,162,109,73,180,113,67,44,159,214,93,44,30,24,28
1461,19,23,57,88,26,137,39,40,41,117,262,269,133,124,48,38
1667,123,47,53,96,61,62,52,61,48,192,169,277,166,137,72,51
2087,107,17,62,104,81,58,117,12,122,108,342,463,119,241,82,52
2185,167,13,159,120,107,125,132,117,143,291,141,229,205,163,61,12
1870,129,45,80,87,22,103,45,58,72,194,334,279,212,89,69,52
2063,108,121,121,217,200,142,144,45,98,206,214,169,143,94,41,0
2751,169,39,99,106,95,95,190,63,92,229,303,507,538,156,56,14
1880,167,189,101,177,176,132,116,162,54,171,132,182,57,21,43,0
1301,139,67,155,135,75,127,57,23,41,119,115,82,110,56,0,0
1515,19,32,96,58,61,104,20,71,35,201,159,241,219,73,32,94
1945,676,470,203,171,64,81,0,51,35,45,52,0,33,30,8,26
0,0,0,0,0,0,0,0,0,0,0,0,0,0,0,0,0
893,82,135,40,123,51,106,99,16,44,68,41,44,44,0,0,0
3073,132,105,67,48,98,92,202,148,136,181,402,627,374,160,265,36
3736,196,141,157,75,160,170,176,237,203,309,506,422,426,341,68,149
3526,159,170,156,102,162,131,106,103,76,231,290,638,550,180,253,219
2377,171,106,97,121,113,239,188,61,94,353,292,289,169,46,38,0
1049,122,107,79,70,29,16,76,59,46,143,98,90,34,57,0,23
1691,46,63,48,142,124,48,126,38,95,210,195,187,142,124,68,35
3160,278,186,146,283,125,116,125,167,153,450,233,313,340,104,103,38
1453,198,75,97,197,97,67,33,11,80,127,131,129,114,57,40,0
2582,468,199,185,169,180,73,226,52,88,107,263,178,203,131,60,0
2288,123,164,182,172,141,187,163,141,93,188,177,244,146,90,63,14
2411,103,53,89,131,84,207,105,84,120,233,471,276,295,69,51,40
827,97,62,46,54,55,31,59,18,34,63,96,101,48,19,26,18
1465,111,87,124,129,65,160,109,79,39,125,193,146,28,8,33,29
1040,95,57,72,100,50,70,91,105,76,77,100,87,14,7,21,18
985,33,36,81,104,51,34,74,80,48,89,78,184,42,16,26,9
2829,217,190,133,201,177,158,160,112,203,287,296,386,126,87,22,74
992,92,70,89,108,101,11,54,61,75,22,57,191,23,9,11,18
1051,70,46,67,102,41,74,66,63,45,100,159,116,43,13,29,17
1014,21,85,48,60,20,45,37,52,59,153,200,141,59,27,0,7
860,48,52,0,103,141,35,31,60,59,85,52,105,39,31,9,10
1024,72,54,78,65,72,39,37,64,29,90,89,148,66,57,40,24
1768,45,136,115,78,76,110,135,93,59,210,245,218,189,41,8,10
2734,297,423,228,75,220,151,199,133,193,242,137,214,123,61,0,38
1001,60,47,93,41,78,72,41,34,10,79,86,150,162,21,5,22
1825,111,49,80,68,77,126,72,78,124,95,229,261,175,172,53,55
1919,75,98,127,110,111,94,147,42,56,261,223,210,219,72,56,18
2552,120,205,183,243,162,120,219,139,65,258,257,325,110,80,33,33
1004,106,80,81,82,43,93,17,6,41,109,129,72,59,36,31,19
1888,146,115,33,162,90,92,90,67,90,162,306,249,169,47,0,70
1414,125,68,85,32,47,93,53,117,62,140,250,164,63,50,60,5
2237,180,211,152,198,72,110,83,37,125,297,98,280,236,47,51,60
2153,175,75,155,70,58,169,164,90,117,193,274,338,142,49,56,28
3004,191,209,105,120,202,145,149,239,110,289,297,532,264,49,70,33
1322,46,64,63,50,57,87,79,72,53,115,193,247,96,45,22,33
899,68,45,58,75,42,113,36,49,23,120,58,138,26,27,14,7
1173,102,84,66,91,62,74,41,75,97,124,141,135,28,33,3,17
1177,91,78,72,67,110,78,75,73,65,103,95,156,69,26,8,11
883,36,35,37,45,21,83,45,46,72,96,55,110,77,61,16,48
1129,94,44,38,147,40,82,44,73,26,134,69,183,53,56,33,13
1369,190,58,187,100,85,49,53,86,80,118,142,137,44,21,9,10
1632,167,39,107,27,51,110,48,47,45,197,125,323,50,78,111,107
1247,231,149,136,95,38,35,76,107,60,51,136,30,63,8,9,23
1625,250,77,154,117,151,65,74,74,53,119,140,190,119,18,3,21
851,91,16,87,108,36,38,64,52,56,89,57,56,36,44,13,8
776,43,92,51,46,32,49,50,38,52,41,116,118,19,13,8,8
1369,144,155,46,34,86,70,89,89,56,145,99,192,95,40,7,22
1615,78,97,66,69,117,115,62,112,65,70,202,229,196,26,53,58
1153,73,44,99,47,111,71,99,95,144,104,26,154,58,14,0,14
1104,91,88,10,29,83,90,63,71,80,66,71,185,58,6,84,29
1218,105,121,88,45,71,97,100,80,71,120,84,91,56,55,34,0
1365,119,75,122,139,162,104,93,58,85,93,99,164,29,23,0,0
984,65,54,42,44,66,84,72,76,6,63,139,51,103,31,55,33
635,8,29,12,58,49,16,23,21,15,28,73,123,55,30,18,77
1538,101,69,51,109,126,97,109,166,74,171,198,125,55,37,33,17
3741,61,147,124,27,161,62,72,217,69,240,478,905,477,225,250,226
2109,16,12,0,13,70,40,45,67,89,206,193,281,205,296,303,273
2717,14,62,136,102,39,167,55,90,51,262,375,249,259,240,163,453
1909,57,15,55,50,68,101,134,38,47,122,148,301,213,144,135,281
2230,144,165,108,153,109,141,69,118,70,159,350,221,192,121,68,42
2168,130,120,192,94,89,106,89,164,152,162,177,142,109,66,66,310
2272,56,129,106,175,119,178,251,174,50,147,203,183,184,125,136,56
1721,85,155,89,84,75,56,130,99,118,94,145,217,122,97,64,91
2225,146,160,52,42,86,153,174,41,40,37,230,358,374,166,94,72
664,59,34,92,44,55,91,49,13,23,43,54,76,10,0,21,0
2796,79,52,64,250,98,153,220,84,236,244,200,491,232,144,187,62
2470,54,98,251,125,329,152,113,111,95,257,271,210,148,87,114,55
1733,107,18,90,100,116,85,163,26,154,89,111,196,169,77,130,102
964,69,25,21,29,54,26,13,40,67,49,55,160,140,108,78,30
2007,94,160,195,191,40,114,105,127,155,221,209,201,127,38,13,17
2939,97,108,116,92,96,206,18,188,140,144,537,401,187,271,169,169
3011,179,21,118,203,223,119,184,84,113,230,257,488,329,185,185,93
2108,161,211,58,65,118,116,203,96,159,162,104,295,105,108,129,18
2605,334,146,131,109,152,312,233,74,126,108,256,278,241,64,27,14
1116,136,101,100,126,78,44,33,37,64,134,41,145,22,36,7,12
3024,278,193,191,236,325,247,143,176,239,235,249,298,131,42,25,16
2872,125,265,163,240,178,203,128,304,221,90,228,271,224,135,76,21
1173,151,45,108,69,54,85,72,33,9,100,141,121,67,40,71,7
1842,70,46,164,43,102,184,132,54,89,248,135,321,143,36,75,0
2000,72,33,135,190,48,56,62,108,49,221,278,330,159,70,153,36
2603,180,27,72,99,172,121,96,101,120,174,315,295,394,224,125,88
1554,34,58,13,69,90,87,116,80,57,147,208,251,135,75,65,69
2185,94,57,65,33,81,83,110,93,75,154,193,310,170,151,338,178
2692,56,67,120,0,121,33,34,0,89,121,114,308,276,323,451,579
1289,59,50,43,82,75,93,50,21,44,48,33,131,198,102,181,79
1069,15,19,0,40,0,71,41,67,44,80,26,160,144,119,183,60
2751,67,46,11,80,111,98,94,80,144,178,265,394,571,225,268,119
3764,22,0,15,85,57,48,100,56,76,195,129,504,580,487,679,731
2535,70,40,35,121,223,53,79,37,25,113,189,346,304,316,465,119
2030,194,80,0,87,69,167,89,109,209,238,295,332,44,4,67,46
3420,301,111,179,107,174,307,314,155,307,167,354,422,251,131,63,77
3119,105,120,134,95,147,86,245,188,176,467,364,366,342,140,96,48
2846,45,36,19,76,110,117,245,75,55,199,277,661,304,263,127,237
1140,115,6,29,28,84,31,13,50,49,120,126,188,184,43,56,18
2698,239,71,206,81,185,195,108,135,286,257,371,234,137,113,55,25
1731,51,58,19,110,12,92,84,63,131,151,176,406,163,125,81,9
1740,34,78,35,35,9,42,21,109,168,158,276,360,230,105,66,14
1514,13,29,54,75,175,106,76,99,38,84,286,223,65,76,29,86
2299,52,0,67,195,46,178,111,112,138,226,207,333,238,228,124,44
1593,69,14,28,83,30,128,141,119,85,156,205,271,135,49,80,0
2959,73,65,41,22,102,69,88,254,82,416,560,593,322,170,64,38
1635,227,145,121,65,66,82,43,56,87,106,271,167,95,46,28,30
1968,198,120,92,122,151,48,150,105,123,107,383,217,82,22,43,5
1883,21,83,35,98,134,41,131,101,62,131,130,179,135,103,194,305
2521,0,0,28,110,62,108,104,75,46,181,187,630,356,134,298,202
1871,47,48,14,41,35,39,86,66,77,220,180,366,220,152,166,114
1626,86,114,12,106,118,12,45,50,43,135,134,291,251,104,79,46
2435,160,82,136,141,54,153,49,23,175,126,387,399,289,51,158,52
2289,30,22,84,64,78,55,142,88,204,290,154,169,215,193,288,213
1296,20,9,10,35,90,39,30,18,46,47,120,196,188,137,136,175
2619,107,37,74,107,61,84,189,106,93,153,156,357,364,293,257,181
1083,17,12,30,36,31,65,34,35,22,92,117,151,196,86,76,83
3196,230,161,177,315,258,257,241,146,142,266,269,267,157,125,106,79
2566,19,125,38,45,82,98,124,41,118,224,288,320,231,228,280,305
1437,22,15,36,0,43,22,27,46,0,56,198,290,238,178,157,109
2901,165,69,113,113,209,100,88,33,88,221,177,354,196,390,264,321
1951,24,140,54,76,67,62,38,50,137,165,189,276,200,154,171,148
1589,28,40,64,71,46,48,55,64,77,142,220,285,211,82,69,87
2165,106,143,170,19,137,93,46,98,91,293,134,278,206,122,87,142
1770,172,81,94,158,186,45,151,155,195,153,170,69,109,26,0,6
721,13,23,37,39,32,7,34,26,93,87,65,122,63,28,30,22
1550,263,59,97,153,57,94,46,110,18,224,138,211,40,18,22,0
3682,159,235,155,148,51,71,90,201,115,200,501,417,574,254,195,316
1592,27,7,19,0,82,17,16,89,102,75,219,254,315,143,115,112
769,62,6,31,5,6,18,37,0,12,98,73,225,108,64,11,13
1525,15,48,37,14,46,111,92,34,68,54,194,318,249,126,77,42
972,23,0,0,9,0,8,6,8,11,25,58,79,106,191,225,223
759,29,5,10,22,32,30,33,24,33,47,104,95,76,74,84,61
2598,44,55,38,106,52,132,100,118,35,217,267,430,239,258,309,198
1598,14,43,67,58,101,59,55,63,58,47,240,247,201,104,151,90
2434,101,48,56,176,106,59,53,65,116,242,287,547,250,129,51,148
2715,153,104,36,107,53,65,118,95,176,169,341,544,396,83,177,98
1839,9,21,25,10,81,34,53,56,65,172,478,354,224,103,85,69
2385,59,72,26,56,84,34,49,131,64,225,183,412,290,315,256,129
1457,310,150,155,144,80,50,91,34,0,58,203,99,39,38,6,0
1272,61,94,57,76,125,98,0,73,13,61,193,167,61,123,39,31
885,172,145,97,10,99,95,14,57,24,47,28,66,27,2,2,0
1019,76,62,33,0,18,23,59,39,31,145,131,154,100,71,56,21
1238,14,48,55,56,92,38,55,27,83,72,84,325,98,117,62,12
2264,23,13,0,69,154,49,59,11,64,122,289,448,297,219,271,176
2015,160,119,134,51,80,108,50,124,106,163,199,253,234,62,124,48
2092,39,34,231,58,200,62,55,61,100,187,237,443,113,143,87,42
1869,91,37,64,61,47,41,74,43,58,136,283,267,260,125,169,113
808,30,0,8,47,20,18,20,11,71,55,166,152,112,30,62,6
838,16,0,17,17,20,34,31,8,19,133,102,97,159,49,79,57
823,20,0,4,19,29,50,8,23,11,96,103,171,90,68,62,69
1796,56,54,59,139,68,112,93,96,47,138,91,259,210,127,56,191
451,11,11,36,30,21,0,18,39,28,40,74,66,10,22,5,40
1771,48,190,78,140,144,47,97,96,165,132,127,199,63,167,70,8
2071,90,23,118,102,58,140,91,159,124,382,194,367,85,70,68,0
1868,83,52,94,33,67,36,25,122,57,257,239,223,195,136,67,182
1212,65,101,37,35,66,83,77,123,118,124,157,128,55,25,11,7
1139,100,64,81,89,33,80,108,7,87,127,146,84,88,39,6,0
2336,304,272,288,329,101,86,86,60,171,202,117,63,161,79,17,0
1949,153,50,108,113,82,122,107,31,84,158,219,287,283,41,77,34
1768,37,10,0,28,57,56,67,36,46,211,260,219,250,294,122,75
826,19,36,12,53,5,29,46,5,53,25,109,86,98,77,109,64
1271,48,17,34,36,33,35,49,43,50,101,180,231,140,119,137,18
846,89,38,27,31,40,41,34,47,35,82,85,114,91,28,33,31
625,34,93,33,24,53,61,38,31,22,60,63,65,20,4,18,6
2092,121,33,64,89,126,11,54,41,61,178,200,332,368,153,130,131
2638,123,13,43,31,218,184,56,112,90,197,296,450,399,254,106,66
1886,206,112,12,51,126,122,110,122,54,171,236,315,156,41,40,12
2094,168,168,109,55,90,122,73,254,106,196,167,431,90,0,6,59
3191,73,86,147,135,108,224,99,101,116,308,411,491,427,149,195,121
840,109,11,9,15,6,41,11,26,15,69,30,136,138,80,119,25
2697,83,68,105,121,75,140,184,92,79,244,307,425,408,115,133,118
1709,234,77,57,116,47,92,71,127,119,149,211,179,78,45,88,19
1686,50,188,133,111,96,107,129,147,59,124,170,190,129,35,0,18
1141,24,33,109,60,62,199,60,32,19,88,191,105,119,27,0,13
2102,41,96,111,71,103,42,63,143,134,124,229,434,220,83,125,83
2998,99,104,267,145,48,114,178,167,176,273,287,390,304,137,203,106
2875,252,369,159,176,197,289,250,175,38,244,236,315,55,81,30,9
1984,165,205,191,136,121,246,68,108,69,109,207,134,161,39,0,25
1259,210,119,96,112,120,79,66,62,93,25,111,126,9,5,15,11
1588,94,77,59,75,48,63,108,81,57,173,282,144,154,89,51,33
1358,58,31,37,69,48,59,66,104,64,138,223,164,143,77,27,50
