"total","car","public_trans","bus","subway","railroad","ferry","bike","walk","taxi","work_at_home"
1242,984,0,0,0,0,0,8,62,40,148
1199,1036,0,0,0,0,0,34,38,14,77
999,849,0,0,0,0,0,21,16,0,113
1035,954,0,0,0,0,0,4,43,0,34
1123,938,0,0,0,0,0,40,55,21,69
719,572,10,10,0,0,0,4,44,9,80
3932,2971,148,148,0,0,0,396,26,41,350
2042,1687,0,0,0,0,0,175,70,0,110
3559,2920,49,49,0,0,0,231,56,14,289
1275,943,40,40,0,0,0,36,31,46,179
2178,1900,52,52,0,0,0,95,50,12,69
2949,1967,36,36,0,0,0,474,332,18,122
2186,1283,157,157,0,0,0,307,326,31,82
1631,981,31,31,0,0,0,298,179,2,140
1588,705,75,75,0,0,0,273,402,17,116
1875,724,12,12,0,0,0,372,640,12,115
3743,3335,0,0,0,0,0,24,38,57,289
1976,1654,2,2,0,0,0,25,37,30,228
1340,1138,0,0,0,0,0,11,36,16,139
1741,1405,10,10,0,0,0,1,86,0,239
1938,815,12,12,0,0,0,291,645,0,175
1028,400,41,41,0,0,0,157,288,9,133
1706,1308,144,144,0,0,0,15,64,10,165
2295,1821,105,105,0,0,0,94,65,5,205
1699,1373,83,83,0,0,0,30,27,6,180
2807,2255,122,111,0,11,0,0,144,40,246
1915,1483,53,53,0,0,0,8,54,15,302
2680,2164,190,190,0,0,0,0,19,23,284
2846,2420,155,155,0,0,0,0,15,28,228
2198,1886,32,32,0,0,0,2,30,0,248
1598,1288,18,18,0,0,0,0,30,9,253
1607,1139,48,48,0,0,0,17,9,0,394
3190,2804,0,0,0,0,0,16,34,29,307
1058,905,5,0,5,0,0,0,0,3,145
3212,2729,61,61,0,0,0,30,13,0,379
1070,865,12,12,0,0,0,18,24,0,151
3871,3377,48,48,0,0,0,0,89,2,355
1811,1452,37,37,0,0,0,0,18,34,270
2193,1876,134,134,0,0,0,0,83,13,87
1751,1353,95,95,0,0,0,23,86,33,161
2172,1937,97,97,0,0,0,4,24,23,87
2533,2121,47,36,11,0,0,40,50,167,108
1131,1061,24,24,0,0,0,0,11,12,23
2848,2570,91,91,0,0,0,0,80,32,75
2364,2039,60,60,0,0,0,64,32,28,141
2359,1915,173,173,0,0,0,0,43,0,228
2497,2116,162,89,0,32,0,39,62,17,101
2550,2102,211,199,12,0,0,0,105,0,132
2524,2157,167,150,0,0,0,24,10,88,78
2478,2169,87,75,12,0,0,11,34,0,177
1976,1580,68,68,0,0,0,0,105,16,207
1741,1522,93,76,0,9,0,0,54,17,55
3026,2840,48,48,0,0,0,0,44,14,80
3181,2763,151,138,0,13,0,24,83,8,152
3426,3111,23,23,0,0,0,0,55,70,167
3261,2918,64,14,50,0,0,0,47,77,155
2102,1786,147,30,103,14,0,0,20,8,141
1130,997,40,40,0,0,0,0,93,0,0
2349,2011,189,132,20,0,0,35,86,0,28
1693,1589,13,13,0,0,0,0,8,20,63
3270,2865,129,71,25,17,0,11,28,0,237
2441,2213,38,0,38,0,0,0,23,30,137
2655,2289,56,21,0,35,0,26,16,11,257
1812,1406,77,26,0,0,0,50,18,0,261
2391,2017,20,20,0,0,0,0,0,53,301
2132,1762,177,155,0,9,0,10,23,24,136
3250,2784,90,90,0,0,0,25,104,42,205
1801,1604,26,18,0,8,0,0,27,9,135
1432,1356,0,0,0,0,0,0,52,10,14
3284,2768,178,178,0,0,0,0,187,13,138
1898,1538,12,12,0,0,0,15,12,0,321
3268,2555,63,45,0,18,0,0,79,23,548
1922,1658,55,7,0,48,0,0,26,6,177
2183,1621,27,18,0,9,0,0,139,39,357
1365,1177,34,34,0,0,0,0,86,0,68
1401,1092,28,28,0,0,0,0,21,1,259
1463,1317,24,7,0,17,0,0,38,8,76
1572,1411,118,118,0,0,0,0,16,12,15
1523,1432,33,26,0,7,0,0,14,23,21
1267,1160,8,8,0,0,0,0,63,0,36
1808,1638,17,17,0,0,0,0,49,0,104
1441,1310,26,12,0,0,0,0,0,21,84
1575,1445,0,0,0,0,0,0,0,15,115
2969,2737,17,11,0,6,0,0,16,0,199
2014,1721,43,0,43,0,0,29,12,6,203
3452,3104,14,0,0,14,0,7,9,50,268
2180,1838,0,0,0,0,0,0,40,17,285
1582,1350,0,0,0,0,0,0,25,7,200
2199,1972,75,58,0,17,0,0,22,17,113
2690,2559,20,13,7,0,0,0,34,11,66
2178,1902,36,0,0,0,0,0,50,4,186
1995,1511,36,36,0,0,0,0,43,0,405
2307,1996,7,0,0,7,0,0,52,11,241
2949,2490,0,0,0,0,0,0,183,0,276
2279,2070,28,3,0,25,0,0,51,0,130
1898,1774,0,0,0,0,0,0,18,32,74
1268,1123,0,0,0,0,0,0,27,0,118
1992,1776,0,0,0,0,0,17,8,54,137
2473,2116,33,23,0,10,0,0,96,5,223
2245,2108,8,8,0,0,0,0,0,29,100
1537,1346,22,22,0,0,0,9,29,0,131
847,716,14,14,0,0,0,0,3,23,91
3252,2863,45,45,0,0,0,0,49,52,243
161,36,2,2,0,0,0,0,29,0,94
1472,1272,1,1,0,0,0,12,109,35,43
1527,1193,30,30,0,0,0,26,168,18,92
1441,1221,107,107,0,0,0,18,14,21,60
1903,1750,1,1,0,0,0,16,9,14,113
2062,1801,0,0,0,0,0,0,71,14,176
1147,1092,0,0,0,0,0,0,36,10,9
894,825,6,6,0,0,0,0,14,3,46
1945,1324,30,30,0,0,0,24,328,34,205
1802,1341,15,15,0,0,0,13,280,0,153
1413,1162,4,4,0,0,0,0,70,0,177
1164,1104,0,0,0,0,0,0,25,12,23
2199,2005,0,0,0,0,0,0,114,3,77
1618,1396,0,0,0,0,0,0,54,20,148
948,894,25,25,0,0,0,0,0,20,9
2813,2656,9,9,0,0,0,0,36,14,98
2817,2538,87,87,0,0,0,0,3,11,178
1711,1559,20,20,0,0,0,8,93,0,31
2363,2242,27,27,0,0,0,0,53,13,28
1926,1675,5,5,0,0,0,12,42,8,184
2045,1883,24,24,0,0,0,0,15,10,113
1470,1372,0,0,0,0,0,0,28,11,59
2102,1758,89,89,0,0,0,0,49,24,182
994,934,0,0,0,0,0,0,8,20,32
1411,1211,0,0,0,0,0,21,119,27,33
2740,2496,0,0,0,0,0,13,97,103,31
919,759,3,3,0,0,0,16,39,9,93
942,890,0,0,0,0,0,0,50,0,2
2032,1763,0,0,0,0,0,0,88,30,151
1005,929,0,0,0,0,0,0,9,33,34
2624,2272,0,0,0,0,0,0,163,27,162
1220,1109,12,12,0,0,0,0,0,14,85
2728,2403,42,42,0,0,0,52,38,4,189
2609,1942,0,0,0,0,0,0,173,54,440
1930,1581,22,22,0,0,0,0,134,0,193
2731,2354,12,12,0,0,0,33,82,23,227
1628,1476,0,0,0,0,0,0,50,32,70
1980,1830,0,0,0,0,0,0,72,18,60
1213,1083,0,0,0,0,0,0,27,27,76
909,580,0,0,0,0,0,0,147,14,168
1901,1683,0,0,0,0,0,0,102,8,108
1684,1522,0,0,0,0,0,0,28,0,134
2083,1687,0,0,0,0,0,0,274,63,59
1269,1126,0,0,0,0,0,17,28,0,98
943,883,3,3,0,0,0,0,4,0,53
1480,1224,68,54,0,14,0,9,32,22,125
3163,2914,20,20,0,0,0,19,43,54,113
2142,1980,17,17,0,0,0,0,0,8,137
930,835,0,0,0,0,0,4,0,0,91
2161,1726,9,9,0,0,0,103,47,32,244
2381,2106,0,0,0,0,0,0,28,59,188
3320,2921,10,10,0,0,0,13,100,14,262
1980,1758,17,17,0,0,0,31,79,0,95
2951,2740,0,0,0,0,0,13,93,35,70
4240,3938,0,0,0,0,0,106,44,98,54
1148,1031,36,36,0,0,0,0,2,4,75
4529,3572,0,0,0,0,0,76,173,16,692
3124,2834,0,0,0,0,0,56,13,46,175
5073,3959,24,0,0,0,0,65,89,51,885
2757,2115,0,0,0,0,0,121,141,9,371
3055,2332,86,86,0,0,0,109,290,16,222
2344,1761,59,59,0,0,0,142,301,0,81
3514,3092,0,0,0,0,0,78,107,22,215
2746,2444,0,0,0,0,0,46,72,15,169
839,744,0,0,0,0,0,9,42,0,44
4150,3526,0,0,0,0,0,74,68,31,451
3547,3256,21,0,0,0,0,0,19,121,130
5515,4914,71,71,0,0,0,67,63,10,390
772,634,0,0,0,0,0,0,36,0,102
1229,1014,0,0,0,0,0,18,29,34,134
1456,1270,0,0,0,0,0,9,34,5,138
913,754,0,0,0,0,0,0,19,17,123
1738,1527,0,0,0,0,0,9,26,29,147
2009,1837,0,0,0,0,0,0,57,14,101
1190,989,0,0,0,0,0,15,70,35,81
2095,1983,0,0,0,0,0,17,15,29,51
3002,2421,29,29,0,0,0,106,161,159,126
1744,1628,0,0,0,0,0,33,17,0,66
1209,959,0,0,0,0,0,0,66,0,184
992,920,0,0,0,0,0,0,22,0,50
2986,2663,0,0,0,0,0,63,75,43,142
2056,1734,83,83,0,0,0,80,62,55,42
2089,1819,0,0,0,0,0,45,54,0,171
3000,2764,18,18,0,0,0,12,16,75,115
2228,1926,0,0,0,0,0,29,47,31,195
1481,1376,2,2,0,0,0,0,29,10,64
1704,1647,4,4,0,0,0,0,8,12,33
1610,1452,19,19,0,0,0,10,25,54,50
1691,1417,0,0,0,0,0,9,95,40,130
1597,1361,5,0,5,0,0,0,93,27,111
869,696,8,8,0,0,0,5,70,31,59
803,526,0,0,0,0,0,10,120,21,126
2030,1728,28,28,0,0,0,24,151,15,84
1931,1705,16,16,0,0,0,4,66,13,127
1067,501,2,2,0,0,0,0,84,18,462
1918,1471,0,0,0,0,0,22,86,4,335
3418,3046,13,13,0,0,0,55,103,52,149
3157,2453,0,0,0,0,0,82,362,91,169
2703,2207,0,0,0,0,0,0,108,9,379
657,442,0,0,0,0,0,24,143,22,26
1369,1021,58,58,0,0,0,60,130,18,82
1748,1572,55,55,0,0,0,34,62,14,11
1776,1587,12,12,0,0,0,0,85,23,69
2736,2505,40,40,0,0,0,77,34,39,41
1571,1392,27,27,0,0,0,26,26,0,100
2134,2020,0,0,0,0,0,17,8,16,73
1836,1615,15,15,0,0,0,50,53,34,69
1709,1517,0,0,0,0,0,0,91,7,94
1308,1081,0,0,0,0,0,32,96,46,53
1954,1502,40,40,0,0,0,40,262,38,72
2716,2413,0,0,0,0,0,12,43,109,139
1586,1391,0,0,0,0,0,10,58,28,99
4050,3680,42,42,0,0,0,48,23,29,228
2466,2078,13,13,0,0,0,0,60,29,286
3631,3201,64,48,16,0,0,36,89,77,164
2699,2464,28,23,0,5,0,0,57,30,120
2042,1783,0,0,0,0,0,20,68,10,161
2061,1896,0,0,0,0,0,0,15,3,147
1669,1566,0,0,0,0,0,0,19,17,67
2006,1752,62,62,0,0,0,0,16,73,103
4152,3784,24,24,0,0,0,34,60,33,217
3926,3544,63,63,0,0,0,45,0,0,274
1863,1563,0,0,0,0,0,17,24,0,259
1202,964,64,64,0,0,0,0,162,0,12
2283,2069,0,0,0,0,0,47,20,62,85
3113,2694,69,69,0,0,0,22,26,12,290
3237,2212,9,9,0,0,0,202,216,34,564
1137,608,50,50,0,0,0,71,312,9,87
1063,480,83,73,0,0,10,119,242,0,139
1556,1103,37,37,0,0,0,15,52,18,331
2180,1400,41,41,0,0,0,124,232,10,373
644,445,0,0,0,0,0,8,21,47,123
922,759,18,18,0,0,0,19,15,13,98
974,777,0,0,0,0,0,0,30,13,154
1054,931,2,2,0,0,0,0,47,26,48
2293,2130,0,0,0,0,0,1,26,40,96
1998,1801,74,74,0,0,0,0,10,4,109
2653,2337,9,9,0,0,0,0,23,16,268
1603,1447,0,0,0,0,0,0,0,10,146
1815,1430,0,0,0,0,0,0,36,36,313
1021,991,1,1,0,0,0,0,29,0,0
566,353,13,7,0,0,6,0,59,42,99
1533,1206,0,0,0,0,0,24,158,58,87
1916,1819,33,33,0,0,0,19,31,0,14
1108,958,1,1,0,0,0,0,37,41,71
1662,1484,0,0,0,0,0,0,79,25,74
756,685,6,6,0,0,0,0,17,6,42
1663,1576,0,0,0,0,0,0,0,0,87
1449,1245,0,0,0,0,0,14,65,0,125
1743,1533,0,0,0,0,0,0,123,8,79
2652,2335,27,11,0,16,0,24,61,63,142
1942,1767,14,14,0,0,0,39,73,22,27
1782,1685,0,0,0,0,0,18,12,0,67
1591,1395,0,0,0,0,0,26,22,34,114
800,703,0,0,0,0,0,0,0,15,82
1655,1463,12,12,0,0,0,24,48,11,97
3025,2916,0,0,0,0,0,3,0,16,90
2612,2362,0,0,0,0,0,52,38,25,135
2569,2206,0,0,0,0,0,12,25,78,248
915,749,8,0,0,0,8,0,21,0,137
732,650,0,0,0,0,0,0,21,8,53
2054,1730,0,0,0,0,0,0,76,29,219
1168,822,0,0,0,0,0,11,150,67,118
1143,964,8,0,0,0,8,33,16,11,111
1217,1105,0,0,0,0,0,0,0,0,112
416,313,0,0,0,0,0,0,10,6,87
415,328,0,0,0,0,0,0,25,0,62
611,505,0,0,0,0,0,0,19,10,77
1156,784,0,0,0,0,0,0,51,1,320
956,820,0,0,0,0,0,0,26,55,55
1647,1488,14,14,0,0,0,0,48,0,97
1230,1176,3,3,0,0,0,0,22,10,19
2126,2036,0,0,0,0,0,42,17,7,24
1000,916,0,0,0,0,0,23,32,11,18
2300,2228,0,0,0,0,0,37,0,16,19
2109,1947,8,8,0,0,0,19,45,44,46
1656,1506,0,0,0,0,0,17,5,71,57
1201,907,4,4,0,0,0,0,237,0,53
1371,1228,13,13,0,0,0,11,86,15,18
769,620,0,0,0,0,0,0,88,24,37
1434,1219,27,27,0,0,0,0,72,75,41
1944,1704,28,16,0,0,0,13,63,7,129
1032,647,0,0,0,0,0,3,64,10,308
2166,1857,0,0,0,0,0,12,133,15,149
1859,1519,13,13,0,0,0,0,37,20,270
2318,2058,5,5,0,0,0,11,0,0,244
1019,898,15,15,0,0,0,23,26,20,37
1559,1372,12,12,0,0,0,0,40,15,120
2145,1941,13,13,0,0,0,0,34,17,140
1512,1168,0,0,0,0,0,12,232,0,100
704,585,0,0,0,0,0,0,27,3,89
863,762,0,0,0,0,0,0,0,11,90
1539,1223,0,0,0,0,0,0,53,41,222
923,848,0,0,0,0,0,0,0,29,46
983,827,0,0,0,0,0,7,96,0,53
752,699,0,0,0,0,0,0,0,0,53
604,560,19,19,0,0,0,0,4,0,21
1726,1520,22,22,0,0,0,0,0,0,184
2287,1993,18,18,0,0,0,9,3,17,247
982,862,23,23,0,0,0,0,37,0,60
785,709,0,0,0,0,0,26,10,0,40
1941,1618,47,47,0,0,0,0,39,52,185
2290,1969,61,61,0,0,0,16,43,47,154
1293,1146,26,26,0,0,0,7,20,28,66
1439,1198,1,1,0,0,0,13,140,0,87
1476,1267,5,5,0,0,0,0,119,0,85
1077,977,12,12,0,0,0,0,56,0,32
1780,1458,0,0,0,0,0,26,69,17,210
794,707,0,0,0,0,0,14,16,0,57
1346,1008,31,31,0,0,0,0,108,18,181
1995,1777,6,6,0,0,0,0,4,18,190
2531,2207,0,0,0,0,0,0,65,32,227
2583,2192,79,79,0,0,0,31,40,0,241
1844,1719,31,31,0,0,0,0,14,8,72
1701,1523,43,43,0,0,0,8,0,18,109
3204,2880,38,38,0,0,0,106,53,35,92
1343,1202,15,15,0,0,0,11,35,0,80
1817,1708,83,83,0,0,0,0,0,0,26
1450,1348,8,8,0,0,0,11,63,0,20
2310,2052,130,130,0,0,0,13,63,12,40
1030,930,26,26,0,0,0,5,37,0,32
2963,2432,171,171,0,0,0,82,183,11,84
1573,1293,54,54,0,0,0,71,46,17,92
2197,1985,10,10,0,0,0,49,0,28,125
1382,1136,26,26,0,0,0,38,95,0,87
2109,1927,49,49,0,0,0,0,47,8,78
1976,1808,36,36,0,0,0,55,0,22,55
2095,1946,32,32,0,0,0,35,0,7,75
1819,1626,76,76,0,0,0,9,0,12,96
2188,1928,14,14,0,0,0,43,35,38,130
3463,2912,75,75,0,0,0,73,91,37,275
1292,1119,32,32,0,0,0,81,0,0,60
2843,2532,60,60,0,0,0,105,57,12,77
1665,1381,43,43,0,0,0,44,23,107,67
1810,1501,71,71,0,0,0,74,64,10,90
1835,1534,23,23,0,0,0,133,54,21,70
1213,1161,0,0,0,0,0,0,0,0,52
1699,1460,48,48,0,0,0,65,29,0,97
1937,1754,28,28,0,0,0,67,18,0,70
2345,1919,14,14,0,0,0,135,92,22,163
2568,1774,305,305,0,0,0,236,44,37,172
1241,1053,36,36,0,0,0,33,58,8,53
1751,1480,124,116,0,8,0,66,14,0,67
1531,1286,126,126,0,0,0,32,8,25,54
1294,984,150,150,0,0,0,74,22,14,50
2456,2053,104,104,0,0,0,117,87,8,87
1861,1686,38,38,0,0,0,8,21,9,99
1372,1014,23,23,0,0,0,105,59,12,159
1175,356,49,49,0,0,0,183,434,0,153
2519,785,147,147,0,0,0,423,1080,0,84
1043,404,95,95,0,0,0,310,161,18,55
1193,717,118,118,0,0,0,222,81,6,49
1995,1647,55,55,0,0,0,147,22,6,118
1470,831,95,84,0,11,0,327,102,0,115
2736,2494,21,21,0,0,0,58,47,17,99
2122,1607,150,150,0,0,0,127,151,0,87
2241,1615,191,191,0,0,0,242,160,0,33
1695,1344,86,86,0,0,0,72,8,0,185
2043,1776,14,14,0,0,0,38,37,0,178
1637,900,47,47,0,0,0,272,315,15,88
1701,1002,91,91,0,0,0,300,145,25,138
1356,970,72,72,0,0,0,183,73,0,58
1829,1055,100,100,0,0,0,408,187,0,79
2028,837,198,183,0,0,0,418,456,0,119
2044,1197,22,22,0,0,0,179,379,0,267
2531,1934,77,77,0,0,0,365,17,13,125
1839,1120,180,180,0,0,0,248,126,0,165
869,645,35,35,0,0,0,73,25,8,83
1146,946,28,28,0,0,0,40,33,45,54
2353,1794,100,100,0,0,0,90,26,44,299
1701,1596,9,9,0,0,0,12,30,22,32
686,546,27,27,0,0,0,0,58,5,50
1228,1057,0,0,0,0,0,0,52,6,113
1966,1519,32,32,0,0,0,15,196,24,180
1063,911,11,11,0,0,0,0,100,0,41
1191,1069,0,0,0,0,0,14,99,0,9
1530,1470,0,0,0,0,0,4,15,0,41
1514,1337,0,0,0,0,0,0,25,34,118
898,684,37,37,0,0,0,5,140,9,23
671,564,69,69,0,0,0,0,20,0,18
747,642,0,0,0,0,0,0,20,0,85
1041,1016,0,0,0,0,0,0,2,16,7
1242,1166,0,0,0,0,0,0,10,38,28
574,502,0,0,0,0,0,0,0,0,72
1302,1176,43,43,0,0,0,0,41,12,30
827,582,27,17,5,0,0,0,157,9,52
1348,1222,24,24,0,0,0,0,38,13,51
4111,3630,0,0,0,0,0,29,0,57,395
859,788,0,0,0,0,0,12,2,9,48
3521,3037,0,0,0,0,0,84,134,76,190
1559,1229,0,0,0,0,0,19,141,81,89
1461,1249,20,13,0,7,0,34,116,0,42
3661,3435,12,12,0,0,0,0,55,15,144
1957,1718,36,36,0,0,0,32,103,0,68
931,810,0,0,0,0,0,0,0,30,91
2446,2070,0,0,0,0,0,111,110,0,155
2528,2050,5,5,0,0,0,0,74,0,399
2888,2631,10,10,0,0,0,0,23,59,165
917,843,0,0,0,0,0,0,11,28,35
2163,1938,0,0,0,0,0,18,114,11,82
2363,2176,0,0,0,0,0,70,53,0,64
1599,1422,18,18,0,0,0,3,16,17,123
3153,2925,0,0,0,0,0,0,11,10,207
1563,1377,1,1,0,0,0,25,11,9,140
3233,2988,0,0,0,0,0,38,46,12,149
2735,2581,21,21,0,0,0,0,30,6,97
2407,2169,45,45,0,0,0,42,42,32,77
1526,1302,0,0,0,0,0,11,23,0,190
1521,1287,0,0,0,0,0,25,65,31,113
1695,1484,0,0,0,0,0,17,127,25,42
1409,1334,0,0,0,0,0,0,64,0,11
2124,1936,0,0,0,0,0,0,82,8,98
1685,1381,4,4,0,0,0,32,121,16,131
723,605,0,0,0,0,0,0,10,16,92
1395,995,9,7,0,2,0,0,143,28,220
1474,792,23,23,0,0,0,61,431,53,114
2190,1755,81,75,0,6,0,143,167,14,30
1764,1375,25,25,0,0,0,28,141,33,162
1378,1255,0,0,0,0,0,41,43,13,26
1826,1590,23,23,0,0,0,0,45,40,128
2256,1935,25,25,0,0,0,66,129,46,55
1958,1583,81,81,0,0,0,68,139,10,77
2641,2173,91,91,0,0,0,56,267,11,43
1449,1058,56,56,0,0,0,90,115,65,65
2131,1798,36,36,0,0,0,40,93,20,144
1550,1292,12,12,0,0,0,87,107,0,52
2156,1879,20,20,0,0,0,0,145,21,91
2669,2453,71,71,0,0,0,0,0,5,140
2680,2440,69,69,0,0,0,0,16,65,90
1719,1589,47,47,0,0,0,25,0,0,58
2504,2337,13,13,0,0,0,16,83,22,33
2067,1773,51,51,0,0,0,40,62,75,66
3016,2675,37,37,0,0,0,38,143,95,28
3172,2922,63,63,0,0,0,0,111,12,64
2980,2773,3,3,0,0,0,38,0,17,149
3453,2669,210,210,0,0,0,104,336,0,134
2385,1949,127,127,0,0,0,57,153,12,87
2162,1787,79,79,0,0,0,12,156,50,78
2023,1845,18,18,0,0,0,22,32,32,74
2854,2646,11,11,0,0,0,0,77,7,113
3558,3193,112,112,0,0,0,49,13,16,175
1218,961,0,0,0,0,0,39,146,29,43
4039,3638,101,101,0,0,0,13,121,0,166
1028,941,11,11,0,0,0,19,48,0,9
2448,2185,76,76,0,0,0,0,77,0,110
987,861,22,22,0,0,0,16,10,18,60
3056,2722,6,6,0,0,0,65,79,27,157
1407,1317,23,23,0,0,0,0,28,0,39
3479,3255,34,19,0,0,0,19,62,37,72
2637,2426,73,73,0,0,0,28,5,10,95
1428,1294,0,0,0,0,0,0,19,0,115
3977,3591,35,35,0,0,0,43,32,35,241
1907,1671,0,0,0,0,0,42,87,51,56
765,683,0,0,0,0,0,0,4,6,72
3469,2977,18,18,0,0,0,19,83,52,320
1643,1441,7,7,0,0,0,32,29,0,134
620,498,0,0,0,0,0,3,58,0,61
1179,1131,4,0,0,4,0,0,12,2,30
3157,2895,4,0,0,4,0,0,108,8,142
2277,2037,16,16,0,0,0,7,109,22,86
3000,2719,14,14,0,0,0,46,33,79,109
1734,1566,7,7,0,0,0,27,66,36,32
3207,2961,21,21,0,0,0,11,103,0,111
2064,1898,0,0,0,0,0,9,44,66,47
1995,1715,8,8,0,0,0,18,148,17,89
2259,1938,0,0,0,0,0,0,17,1,303
2865,2627,0,0,0,0,0,4,66,88,80
1446,1310,0,0,0,0,0,7,37,0,92
876,824,0,0,0,0,0,0,24,14,14
3196,2760,59,59,0,0,0,41,217,18,101
2259,2132,0,0,0,0,0,7,46,9,65
2505,2222,15,15,0,0,0,19,11,9,229
2652,2144,0,0,0,0,0,0,283,4,221
3310,3067,13,13,0,0,0,0,112,36,82
1383,1168,0,0,0,0,0,0,132,13,70
3111,2010,290,290,0,0,0,342,175,38,256
2958,2041,299,299,0,0,0,261,54,0,303
2497,1149,373,361,0,0,0,128,509,29,309
3509,2729,174,174,0,0,0,277,84,0,245
1999,1559,175,175,0,0,0,76,21,0,168
2016,1416,235,235,0,0,0,165,83,56,61
2052,1553,152,152,0,0,0,236,19,0,92
2594,1909,358,325,10,0,0,97,26,72,132
2730,2204,107,67,27,13,0,74,150,8,187
2446,1846,298,257,41,0,0,64,41,71,126
2661,1882,252,252,0,0,0,186,95,12,234
2497,1754,218,209,0,9,0,255,70,83,117
2699,1961,323,323,0,0,0,201,59,20,135
2669,1899,367,367,0,0,0,187,73,32,111
2255,1494,257,250,7,0,0,226,99,35,144
2552,1646,406,406,0,0,0,151,253,13,83
3025,1398,735,702,33,0,0,528,233,32,99
1255,451,267,267,0,0,0,175,277,9,76
892,457,121,121,0,0,0,197,41,0,76
3638,1808,680,680,0,0,0,332,428,187,203
2226,1332,352,342,10,0,0,147,190,10,195
2362,1169,400,400,0,0,0,386,119,21,267
1814,1064,194,194,0,0,0,241,84,10,221
2793,1371,413,413,0,0,0,542,59,31,377
1757,936,248,239,0,0,0,301,83,10,179
2869,2262,150,131,0,0,0,178,74,0,205
1928,1512,281,281,0,0,0,52,35,0,48
3854,2900,409,350,0,0,0,218,117,47,163
1923,1238,266,212,14,6,0,83,155,16,165
2410,1479,456,308,94,16,0,251,80,8,136
2051,1341,257,212,0,0,0,224,32,12,185
2262,1567,179,98,30,7,0,131,68,18,299
3677,1734,745,728,17,0,0,457,385,62,294
1333,595,313,253,16,0,0,218,112,16,79
1824,1088,262,206,46,0,0,198,121,21,134
984,457,211,127,48,0,0,76,177,17,46
1580,994,118,90,20,0,0,146,83,6,233
1984,1110,222,156,35,0,0,185,239,70,158
2206,1627,107,96,0,0,0,177,46,22,227
2472,1419,299,287,0,0,0,298,237,43,176
1552,1061,103,86,7,0,0,153,43,15,177
1764,1166,168,147,0,12,0,124,45,0,261
1635,941,220,127,32,10,0,146,66,33,229
1681,1308,127,123,4,0,0,29,28,40,149
1552,997,253,152,66,0,0,67,0,10,225
2489,1838,281,263,0,10,0,122,18,44,186
2935,1990,493,322,134,0,0,165,17,58,212
2742,2059,307,199,51,41,0,63,77,65,171
2409,1874,134,115,10,0,0,169,65,19,148
2784,1644,244,228,8,0,0,485,86,15,310
2548,1394,290,277,0,0,0,390,102,62,310
1737,1102,222,218,4,0,0,237,21,38,117
1667,1150,120,94,16,0,0,199,67,0,131
1673,923,99,99,0,0,0,449,37,7,158
2137,882,348,340,8,0,0,505,85,48,269
1966,1156,370,176,47,0,0,206,126,32,76
1406,822,170,38,71,9,0,190,77,21,126
2305,1552,193,193,0,0,0,318,44,7,191
3512,2360,301,266,0,0,0,278,111,47,415
822,712,24,24,0,0,0,29,0,17,40
2189,1475,364,311,26,0,0,137,13,39,161
1525,957,82,70,12,0,0,277,52,37,120
1473,1046,186,117,25,0,0,46,85,30,80
1711,1034,202,102,0,13,0,304,6,36,129
2267,1473,336,202,34,0,0,316,68,10,64
3578,2587,490,478,12,0,0,223,77,17,184
1865,1174,290,281,0,0,0,242,51,32,76
3274,2448,442,432,0,0,0,99,141,21,123
2761,1617,150,145,0,0,0,140,529,61,264
3096,2618,233,233,0,0,0,66,88,13,78
2805,2134,216,203,0,0,0,157,122,0,176
1702,1307,217,217,0,0,0,32,73,0,73
538,442,7,7,0,0,0,21,12,5,51
1619,951,211,186,0,0,0,66,245,13,133
1749,1091,151,78,37,0,0,111,110,0,286
894,608,29,14,4,0,0,14,53,6,184
2848,1425,569,241,0,16,0,214,418,22,200
1870,738,415,248,44,0,0,162,328,0,227
2132,1031,423,91,80,0,0,101,528,0,49
1765,896,206,18,10,0,0,109,393,19,142
3629,1548,703,159,128,51,0,216,808,97,257
2813,1080,681,258,143,38,0,76,676,16,284
1406,514,300,109,36,8,0,101,429,14,48
2096,582,396,185,10,9,0,17,875,42,184
2196,852,379,207,35,0,0,45,766,0,154
2882,1699,116,92,0,0,0,101,632,77,257
4111,2702,629,484,9,0,0,200,290,28,262
825,610,49,49,0,0,0,19,129,0,18
1135,796,157,157,0,0,0,20,59,8,95
1113,863,94,94,0,0,0,26,9,7,114
1594,1171,91,91,0,0,0,100,36,21,175
2320,1529,99,88,0,0,0,75,322,21,274
2970,2515,89,70,19,0,0,77,52,7,230
2174,1689,317,317,0,0,0,0,54,0,114
1878,1522,67,67,0,0,0,10,19,69,191
2956,2356,226,226,0,0,0,90,31,29,224
2547,1913,318,318,0,0,0,36,42,9,229
1313,1011,75,75,0,0,0,12,14,6,195
2852,2049,384,384,0,0,0,16,167,0,236
1497,1258,92,92,0,0,0,6,0,7,134
1734,1332,252,252,0,0,0,40,18,8,84
1000,793,32,32,0,0,0,0,27,0,148
1621,1263,147,147,0,0,0,54,32,8,117
1244,1008,12,12,0,0,0,17,20,13,174
4175,3482,113,87,0,15,0,59,39,109,373
1435,1071,45,33,12,0,0,35,30,0,254
1012,778,44,37,0,7,0,9,70,25,86
1336,1054,129,89,11,0,0,33,22,0,98
250,94,22,10,0,12,0,13,54,41,26
1472,1084,179,154,25,0,0,119,28,16,46
2709,1913,375,344,17,0,0,124,101,53,143
1577,1353,174,148,0,0,0,20,0,0,30
925,741,115,108,0,7,0,14,0,14,41
925,712,48,23,12,0,0,59,40,34,32
2048,1603,230,170,38,0,0,21,0,11,183
1656,1216,233,118,0,18,0,0,0,4,203
1634,1264,209,209,0,0,0,36,66,0,59
3138,2079,700,484,40,130,0,0,123,23,213
1109,936,86,36,8,0,0,17,17,16,37
4290,2858,620,414,59,60,0,69,344,78,321
1391,1157,175,151,13,0,0,0,48,0,11
1617,1366,142,142,0,0,0,7,39,15,48
1821,1464,144,136,8,0,0,24,86,8,95
1501,1175,153,144,0,9,0,28,29,25,91
1879,1546,271,271,0,0,0,7,0,10,45
2388,1804,254,233,0,0,0,135,0,32,163
1946,1511,180,166,0,0,0,89,7,15,144
4372,3876,173,98,51,24,0,0,0,13,310
1781,1424,115,105,0,0,0,43,65,47,87
3615,2717,539,502,0,0,0,0,135,13,211
2043,1511,285,270,0,0,0,0,115,37,95
2581,2289,143,89,41,0,0,12,0,38,99
3045,2181,296,205,71,13,0,0,63,65,440
2539,2123,237,154,13,0,0,0,107,50,22
2495,1823,330,132,15,12,0,50,106,39,147
1960,1749,108,50,8,0,0,17,27,9,50
2734,2403,125,66,0,33,0,58,57,20,71
1745,1502,135,99,7,0,0,0,22,12,74
1958,1676,157,103,8,10,0,0,25,17,83
1554,1285,167,159,0,8,0,8,0,6,88
2246,1691,331,189,74,0,0,11,118,30,65
2577,2004,292,235,18,0,0,0,94,0,187
2309,1745,287,161,22,0,0,26,126,37,88
1984,1525,210,155,28,11,0,23,84,0,142
2969,2429,323,295,0,0,0,18,15,0,184
1414,1124,203,82,72,49,0,4,47,0,36
2633,2395,117,103,14,0,0,41,22,32,26
1432,1277,57,42,15,0,0,10,23,34,31
2808,2617,74,39,22,13,0,0,0,0,117
1511,1249,89,53,0,36,0,0,23,11,139
1718,1581,76,46,30,0,0,0,33,6,22
1795,1565,106,45,24,37,0,0,9,35,80
2180,1874,89,30,24,35,0,8,66,22,121
2410,1804,220,142,24,16,0,20,300,0,66
2529,2055,153,58,33,62,0,0,72,48,201
3998,3308,341,276,32,33,0,21,5,62,261
2456,2208,15,15,0,0,0,0,20,22,191
2460,2185,111,62,32,17,0,11,127,22,4
1879,1498,241,144,0,23,0,6,75,40,19
2068,1784,65,65,0,0,0,43,0,91,85
2299,2188,18,0,0,0,0,7,6,0,80
2876,2470,115,37,11,0,0,74,36,60,121
2799,2373,149,35,15,0,0,16,55,51,155
2328,2047,112,55,23,26,0,99,4,0,66
2768,2493,190,113,30,35,0,0,16,0,69
3811,3544,74,9,13,0,0,22,22,26,123
2335,1606,417,417,0,0,0,34,186,69,23
965,860,13,13,0,0,0,19,43,0,30
1633,1267,51,11,40,0,0,10,55,27,223
837,182,228,156,0,8,0,35,315,0,77
2,1,0,0,0,0,0,0,1,0,0
798,663,10,10,0,0,0,12,0,27,86
3845,3568,28,28,0,0,0,0,21,0,228
4405,4106,0,0,0,0,0,16,132,40,111
3651,3265,65,65,0,0,0,0,93,0,228
2184,1898,63,51,0,12,0,61,91,0,71
969,818,23,23,0,0,0,24,39,0,65
1891,1740,23,23,0,0,0,0,17,0,111
3761,3340,15,15,0,0,0,18,93,69,226
2031,1396,6,6,0,0,0,77,358,22,172
2520,2092,41,41,0,0,0,87,81,0,219
2360,2146,8,8,0,0,0,6,47,34,119
2758,2360,5,5,0,0,0,0,122,5,266
752,636,2,1,0,1,0,6,62,4,42
1394,1206,0,0,0,0,0,0,133,0,55
791,696,0,0,0,0,0,0,52,0,43
1100,927,30,30,0,0,0,0,16,86,41
3011,2594,33,33,0,0,0,20,188,61,115
1063,889,29,29,0,0,0,10,92,0,43
972,765,0,0,0,0,0,15,29,0,163
1248,1148,0,0,0,0,0,0,7,29,64
525,412,0,0,0,0,0,0,81,0,32
1156,1027,16,16,0,0,0,6,56,20,31
1864,1671,33,33,0,0,0,20,57,2,81
3097,2627,0,0,0,0,0,16,263,42,149
1111,1041,1,1,0,0,0,0,35,2,32
2272,2056,0,0,0,0,0,24,90,0,102
2213,2023,5,5,0,0,0,8,68,28,81
2617,2242,11,11,0,0,0,14,211,16,123
1050,955,0,0,0,0,0,6,79,0,10
2509,2327,16,16,0,0,0,0,65,28,73
1772,1637,0,0,0,0,0,17,27,0,91
2456,2330,26,26,0,0,0,1,0,35,64
2709,2587,3,3,0,0,0,0,58,0,61
3770,3496,30,30,0,0,0,0,149,13,82
1742,1590,0,0,0,0,0,3,101,8,40
825,718,0,0,0,0,0,0,23,27,57
1055,889,11,11,0,0,0,0,19,4,132
1115,998,3,3,0,0,0,5,45,4,60
1021,812,0,0,0,0,0,0,35,13,161
1321,1135,10,6,0,4,0,37,101,0,38
1472,1292,20,20,0,0,0,5,95,33,27
1845,1454,8,8,0,0,0,51,206,0,126
1207,945,6,6,0,0,0,54,147,0,55
1544,1242,14,14,0,0,0,58,77,4,149
694,577,0,0,0,0,0,10,24,15,68
871,684,4,4,0,0,0,17,77,15,74
1220,843,5,5,0,0,0,38,145,44,145
1641,1349,90,76,0,14,0,14,30,36,122
1212,1054,0,0,0,0,0,4,59,39,56
1439,1151,47,47,0,0,0,0,106,0,135
1058,909,0,0,0,0,0,19,58,9,63
1189,1045,0,0,0,0,0,0,45,0,99
1082,895,0,0,0,0,0,0,96,0,91
1387,746,14,14,0,0,0,0,120,11,496
1482,1123,14,14,0,0,0,0,117,38,190
4636,3926,299,183,51,17,0,61,116,56,178
3100,2778,60,36,13,0,0,0,100,0,162
3502,2668,287,153,74,0,0,0,239,18,290
2349,1890,93,76,17,0,0,32,153,12,169
2276,1897,198,180,18,0,0,0,35,47,99
2308,1740,177,177,0,0,0,44,234,21,92
2579,2027,167,167,0,0,0,44,92,0,249
2164,1748,170,170,0,0,0,18,69,3,156
2627,2318,113,113,0,0,0,54,21,0,121
754,640,37,32,0,5,0,11,37,0,29
3731,3153,316,280,0,36,0,0,67,12,183
2023,1710,121,91,13,17,0,50,45,10,87
2057,1828,37,37,0,0,0,0,101,0,91
1138,1042,6,6,0,0,0,16,5,0,69
2796,2294,224,196,0,28,0,63,150,26,39
3772,2913,245,175,38,17,0,120,194,43,257
3647,2951,128,90,18,20,0,66,181,68,253
2384,2080,125,112,0,0,0,0,0,82,97
2674,2095,286,274,0,12,0,72,103,26,92
1320,1098,92,64,5,23,0,36,42,19,33
3187,2356,321,155,30,14,0,109,317,24,60
3625,2242,709,401,70,121,0,43,302,123,206
1499,1030,290,102,102,0,0,32,128,10,9
2158,1670,309,187,62,30,0,8,49,11,111
2410,1876,180,73,42,42,0,79,91,15,169
3166,2868,27,0,17,10,0,0,180,15,76
1956,1684,96,66,20,0,0,39,51,11,75
2512,2120,142,93,18,0,0,17,18,118,97
3452,2790,157,84,47,15,0,19,160,89,237
1701,1503,45,9,26,10,0,0,82,0,71
1401,1259,73,33,40,0,0,0,0,5,64
3669,3180,128,89,29,0,0,102,99,7,153
5187,4490,107,1,87,0,0,108,99,92,291
2850,2591,36,36,0,0,0,73,0,26,124
3057,2599,244,131,71,42,0,19,91,39,65
4373,3608,488,167,142,55,0,68,13,88,108
4309,3596,364,216,26,87,0,78,142,36,93
3953,3106,360,251,50,59,0,59,174,45,209
1635,1189,259,120,100,20,0,9,30,28,120
3397,2638,356,152,49,26,0,66,170,53,114
2765,2416,140,65,22,38,0,106,0,0,103
2533,2239,167,99,28,40,0,30,20,0,77
1809,1486,132,88,12,22,0,20,130,0,41
3022,2792,82,82,0,0,0,33,97,0,18
2151,1912,54,32,8,14,0,0,103,20,62
4301,3780,285,210,48,11,0,18,0,34,184
2289,1911,141,119,22,0,0,32,122,20,63
2789,2174,318,267,8,43,0,62,102,23,110
2643,2290,95,69,26,0,0,0,13,30,215
3774,3426,138,73,17,48,0,0,14,0,196
2707,2276,197,129,37,31,0,40,60,20,114
1879,1626,70,22,15,22,0,33,41,0,109
2962,2577,84,78,0,0,0,9,174,60,58
2881,2621,101,79,0,22,0,0,50,24,85
1947,1618,138,59,57,0,0,0,29,8,154
3592,2969,244,177,21,22,0,51,78,26,224
1540,1270,58,47,0,11,0,10,24,12,166
1794,1595,96,82,0,14,0,0,22,36,45
3699,3315,123,110,13,0,0,0,26,12,223
2215,1994,83,48,0,0,0,0,0,16,122
4013,3302,155,142,13,0,0,39,141,33,343
2685,2320,84,74,10,0,0,19,5,20,237
2313,1872,205,170,35,0,0,0,122,0,114
2249,1990,112,109,0,3,0,0,12,3,132
2219,1955,45,45,0,0,0,34,130,22,33
864,741,44,44,0,0,0,0,21,0,58
1713,1492,116,85,0,0,0,40,25,0,40
4570,4011,93,93,0,0,0,27,66,42,331
2285,2105,31,31,0,0,0,0,17,0,132
1115,924,50,41,0,9,0,0,25,6,110
2198,1886,63,63,0,0,0,0,16,0,233
1469,1291,10,10,0,0,0,13,0,7,148
1000,784,21,21,0,0,0,0,101,0,94
3169,2813,27,27,0,0,0,0,49,54,226
2268,2079,34,34,0,0,0,19,71,0,65
3183,2643,310,115,10,12,0,56,49,10,115
3800,3245,149,78,60,0,0,50,99,53,204
2774,2486,25,1,0,15,0,26,113,21,103
3488,2842,304,115,62,62,0,96,53,30,163
2127,1540,423,273,46,17,0,5,138,0,21
1689,1369,87,77,0,0,0,0,11,48,174
1039,712,144,103,0,41,0,11,77,0,95
1412,1249,78,32,21,25,0,9,13,7,56
1950,1811,64,14,28,0,0,0,7,23,45
3230,2949,89,27,51,1,0,29,39,15,109
2666,2178,202,169,20,0,0,32,93,0,161
3054,2524,268,117,40,21,0,15,68,8,171
1847,1294,129,32,41,12,0,38,105,11,270
1063,847,66,0,66,0,0,6,27,0,117
1164,828,45,6,0,0,0,31,174,12,74
1302,1175,65,0,19,7,0,0,31,6,25
2216,1879,32,21,7,4,0,9,47,9,240
465,334,0,0,0,0,0,5,28,6,92
2220,1901,121,112,0,0,0,0,55,11,132
3163,2844,162,162,0,0,0,30,55,17,55
2364,2079,104,98,6,0,0,0,44,4,133
1479,1317,52,52,0,0,0,0,68,14,28
1335,1132,107,100,0,0,0,12,42,6,36
2341,1533,138,128,0,0,0,43,331,0,296
2450,2228,105,94,0,11,0,9,51,10,47
2323,2032,0,0,0,0,0,37,78,19,157
1028,916,0,0,0,0,0,0,0,0,112
1703,1534,44,12,0,0,0,0,29,10,86
894,815,11,0,0,6,0,0,34,16,18
562,412,10,10,0,0,0,3,70,5,62
2705,2248,13,13,0,0,0,14,127,26,277
3615,3455,2,2,0,0,0,0,52,0,106
3322,2451,38,38,0,0,0,72,612,2,147
2903,2544,18,18,0,0,0,101,62,60,118
4595,4232,37,37,0,0,0,21,58,24,223
1039,903,15,15,0,0,0,0,11,5,105
3152,2759,11,11,0,0,0,7,49,7,319
1849,1590,22,22,0,0,0,0,72,24,141
1853,1508,0,0,0,0,0,0,205,26,114
1458,1300,0,0,0,0,0,50,41,33,34
2465,2151,6,6,0,0,0,0,58,22,228
3013,2737,63,63,0,0,0,26,60,30,97
3008,2806,0,0,0,0,0,86,26,9,81
2114,1717,35,35,0,0,0,30,226,27,79
2340,1353,30,30,0,0,0,49,739,0,169
2037,1749,33,33,0,0,0,0,92,0,163
1896,1626,5,5,0,0,0,0,136,0,129
