"total","5am","5:30am","6am","6:30am","7am","7:30am","8am","8:30am","9am","10am","11am","12pm","4pm","12am"
1094,64,58,57,141,121,187,192,62,66,52,41,0,22,31
1122,37,79,47,93,159,128,296,77,32,35,36,21,81,1
886,24,44,98,58,49,131,141,130,32,45,0,11,25,98
1001,75,7,24,48,66,136,334,79,62,62,0,0,70,38
1054,32,5,17,99,36,105,186,170,73,18,106,9,72,126
639,34,26,16,54,125,134,19,90,12,69,3,10,28,19
3582,69,135,169,130,270,329,551,403,340,391,226,61,286,222
1932,0,40,40,60,116,302,634,266,92,226,11,14,61,70
3270,1,41,150,141,324,370,618,678,254,313,106,31,132,111
1096,0,25,19,46,108,141,165,95,176,150,22,58,84,7
2109,0,246,75,71,203,167,325,228,111,196,40,0,322,125
2827,11,0,116,154,246,244,427,630,380,323,86,40,120,50
2104,54,88,122,90,114,197,297,244,68,186,147,26,230,241
1491,2,15,39,52,70,104,247,216,135,130,65,26,207,183
1472,17,0,72,42,40,59,160,130,104,228,36,42,273,269
1760,21,0,81,27,83,146,289,281,169,221,99,32,125,186
3454,116,63,200,267,450,437,693,338,247,147,92,61,235,108
1748,78,44,44,107,174,244,380,182,118,75,102,21,81,98
1201,53,56,34,58,156,150,190,115,144,65,19,47,73,41
1502,43,173,65,199,141,277,193,29,56,140,58,15,50,63
1763,11,11,27,28,96,216,111,194,230,203,104,109,259,164
895,0,0,36,2,37,96,70,67,137,86,49,27,167,121
1541,33,62,156,133,161,164,305,169,83,68,18,23,65,101
2090,67,14,10,92,219,255,469,419,182,70,41,28,153,71
1519,0,0,46,77,126,390,303,174,150,148,35,8,21,41
2561,131,16,85,81,370,372,381,293,145,313,121,0,146,107
1613,26,8,88,58,126,262,264,241,94,157,66,17,76,130
2396,0,47,60,153,276,397,399,456,163,108,110,53,139,35
2618,17,83,108,44,294,463,366,367,157,316,155,64,105,79
1950,43,31,109,186,171,245,212,239,95,213,150,42,56,158
1345,34,15,0,107,108,329,252,166,92,157,27,10,27,21
1213,26,18,54,86,61,165,241,180,108,168,70,10,0,26
2883,155,46,187,344,231,347,464,367,162,208,89,24,190,69
913,37,30,9,100,73,201,141,124,44,58,0,0,72,24
2833,16,77,85,417,352,281,487,293,178,276,111,45,122,93
919,19,14,38,128,151,138,94,76,25,78,54,10,94,0
3516,224,46,59,186,452,526,582,364,246,293,195,48,145,150
1541,38,34,48,120,119,292,247,231,93,92,33,48,69,77
2106,181,76,86,123,261,279,180,194,140,154,128,17,149,138
1590,79,49,152,94,214,193,289,149,70,56,12,33,70,130
2085,89,93,86,80,183,316,299,177,95,211,18,12,198,228
2425,115,37,126,235,147,428,543,130,100,201,93,22,144,104
1108,91,77,22,145,101,52,125,51,0,124,58,26,116,120
2773,249,95,72,241,259,544,346,275,105,207,48,44,110,178
2223,127,77,51,198,289,317,281,184,107,203,87,19,118,165
2131,94,75,166,183,321,404,250,329,86,0,39,43,86,55
2396,85,206,238,188,247,151,317,243,119,175,113,64,141,109
2418,309,60,66,146,114,369,224,132,67,129,51,26,350,375
2446,82,69,129,321,278,496,295,83,96,135,82,13,201,166
2301,73,68,85,165,333,618,154,134,192,128,28,23,182,118
1769,70,36,145,143,225,255,68,247,75,70,71,25,171,168
1686,79,120,120,170,193,256,216,57,57,26,35,16,259,82
2946,135,135,161,291,431,435,322,243,238,111,73,33,159,179
3029,73,132,235,381,304,340,256,357,126,160,90,82,156,337
3259,83,65,249,214,453,385,353,322,85,218,128,75,294,335
3106,111,43,123,251,282,595,438,485,254,229,30,0,162,103
1961,14,201,100,125,334,288,113,214,7,133,45,19,166,202
1130,180,116,101,66,169,45,40,0,61,0,37,0,74,241
2321,189,126,122,105,272,293,237,171,154,217,26,40,178,191
1630,104,11,90,170,268,246,160,197,103,73,70,0,36,102
3033,269,46,67,148,499,485,439,379,124,261,198,17,52,49
2304,77,51,110,226,209,346,371,244,166,147,45,16,170,126
2398,95,38,59,279,190,463,323,301,68,236,111,4,14,217
1551,95,49,71,44,362,283,171,81,96,30,62,0,170,37
2090,104,85,133,168,291,314,319,229,52,135,53,31,137,39
1996,91,150,150,190,191,306,250,135,95,105,78,19,117,119
3045,108,90,138,265,279,478,273,304,238,185,144,32,147,364
1666,66,165,98,166,198,263,149,151,112,117,49,9,97,26
1418,138,63,94,255,125,262,59,94,37,147,32,25,55,32
3146,316,154,292,348,470,428,326,133,90,123,73,6,138,249
1577,76,54,156,158,84,376,209,104,78,29,42,0,103,108
2720,79,27,138,273,285,536,397,331,195,124,51,69,135,80
1745,28,39,118,193,205,292,253,145,179,80,30,11,93,79
1826,9,62,100,153,202,319,347,114,24,216,65,76,59,80
1297,63,0,115,65,185,251,193,41,63,101,22,25,84,89
1142,17,45,55,89,115,137,223,121,41,83,20,37,62,97
1387,63,33,115,118,175,174,199,99,70,66,79,40,58,98
1557,81,121,143,144,192,182,198,67,14,52,25,130,76,132
1502,183,29,116,212,135,301,137,103,56,70,80,14,26,40
1231,111,70,29,144,253,231,216,35,25,29,11,0,28,49
1704,26,87,149,214,327,188,124,111,47,48,31,31,146,175
1357,48,32,52,191,218,158,208,160,60,46,55,0,35,94
1460,52,27,121,291,90,175,69,291,21,162,33,0,0,128
2770,278,103,147,386,261,479,178,387,221,96,22,37,62,113
1811,65,91,159,241,188,351,175,199,142,83,0,0,83,34
3184,127,159,180,403,406,451,352,364,116,198,92,58,177,101
1895,114,111,126,161,230,374,181,221,66,65,49,43,97,57
1382,102,50,76,192,105,229,147,95,43,91,58,0,64,130
2086,143,131,104,246,157,360,275,207,115,167,15,12,73,81
2624,129,76,336,222,346,236,484,228,120,75,68,0,190,114
1992,158,144,138,231,226,271,168,224,24,125,42,36,89,116
1590,103,158,134,158,254,306,109,120,50,68,21,0,51,58
2066,125,155,124,116,286,327,223,226,101,83,48,9,143,100
2673,194,184,206,232,388,341,238,217,205,115,66,100,48,139
2149,435,126,153,323,264,318,125,85,56,24,16,14,112,98
1824,117,113,392,190,242,301,43,76,27,124,54,19,92,34
1150,106,94,145,79,101,134,101,88,46,89,15,7,66,79
1855,144,123,108,165,235,316,99,137,74,201,44,0,91,118
2250,100,192,302,378,265,167,123,175,176,30,38,18,142,144
2145,141,155,164,469,191,243,88,192,84,182,28,21,100,87
1406,115,128,23,178,253,300,12,92,56,41,9,0,147,52
756,62,50,63,91,64,60,48,78,111,54,13,0,0,62
3009,115,107,91,296,424,573,371,276,143,106,76,33,226,172
67,0,0,0,0,5,46,14,2,0,0,0,0,0,0
1429,40,23,17,69,124,200,347,141,35,138,80,30,43,142
1435,71,8,126,94,6,239,306,186,135,86,48,43,42,45
1381,11,27,25,126,47,133,365,143,11,82,30,26,287,68
1790,135,113,174,110,197,197,225,144,58,115,120,24,131,47
1886,72,35,93,170,147,112,408,153,84,139,73,52,210,138
1138,56,48,61,84,116,111,195,81,24,72,31,27,104,128
848,9,8,25,10,53,95,167,93,59,94,60,93,66,16
1740,44,3,37,64,128,317,100,55,159,277,111,110,261,74
1649,28,2,34,80,132,143,256,197,121,287,141,39,145,44
1236,169,52,59,168,147,91,147,88,34,78,8,31,84,80
1141,68,35,41,105,128,167,112,78,57,136,41,59,54,60
2122,210,272,109,228,157,254,205,76,21,112,85,35,109,249
1470,190,105,189,94,199,122,115,68,58,87,34,15,123,71
939,67,74,100,141,84,201,89,31,38,19,11,0,50,34
2715,247,272,218,353,193,481,195,200,44,202,28,0,129,153
2639,193,90,205,198,297,383,381,151,100,208,26,22,267,118
1680,144,84,148,159,203,85,218,179,62,108,28,5,101,156
2335,173,64,160,243,412,189,232,182,96,76,41,65,217,185
1742,134,110,211,212,153,282,82,174,98,74,58,0,49,105
1932,131,90,169,226,175,346,207,134,81,103,17,8,52,193
1411,125,75,99,227,186,124,99,169,10,103,45,16,67,66
1920,164,108,81,66,176,195,299,132,141,128,103,56,130,141
962,91,27,84,32,78,234,128,88,29,78,24,0,69,0
1378,55,41,84,59,134,178,278,110,52,66,57,12,110,142
2709,159,59,33,58,280,254,454,385,195,277,68,61,242,184
826,42,38,43,76,11,91,161,38,18,94,25,0,99,90
940,115,0,7,53,59,152,133,102,40,27,19,27,74,132
1881,151,2,102,218,148,250,157,265,25,210,108,39,127,79
971,27,9,9,0,133,220,186,75,113,85,34,26,17,37
2462,144,19,39,70,401,358,558,142,100,214,128,15,174,100
1135,97,19,71,278,107,237,126,29,26,34,33,33,13,32
2539,247,278,334,258,109,377,226,175,22,184,32,0,94,203
2169,120,35,50,128,147,215,345,439,54,212,40,38,236,110
1737,369,97,56,66,201,185,210,161,47,59,58,20,147,61
2504,337,159,115,276,193,270,324,235,109,87,71,89,126,113
1558,144,99,48,82,226,256,78,130,123,99,38,49,114,72
1920,205,78,222,154,309,191,271,152,27,79,24,56,84,68
1137,147,99,5,96,117,158,203,83,72,77,34,0,15,31
741,98,30,26,114,41,99,76,110,13,56,29,3,0,46
1793,108,0,51,61,119,104,441,255,72,174,124,0,157,127
1550,137,32,60,59,225,195,308,222,66,77,33,0,86,50
2024,195,38,63,38,190,252,188,262,154,125,17,72,292,138
1171,39,103,50,57,64,75,162,215,52,113,25,15,82,119
890,54,4,28,56,182,132,217,65,14,60,32,13,11,22
1355,92,82,23,95,193,66,179,250,62,117,80,10,34,72
3050,172,150,113,266,245,495,551,363,131,107,79,13,168,197
2005,83,22,119,188,119,261,322,371,113,104,56,9,112,126
839,156,0,0,11,29,141,82,122,6,189,14,0,89,0
1917,8,107,76,160,170,386,285,250,88,155,89,28,70,45
2193,175,36,131,124,286,312,336,174,57,191,127,30,144,70
3058,132,170,65,266,255,692,279,288,201,207,143,62,189,109
1885,146,81,60,288,186,232,168,92,255,138,90,57,40,52
2881,213,122,100,238,140,390,322,116,145,221,46,86,372,370
4186,154,107,124,366,531,604,501,652,199,267,140,71,292,178
1073,113,16,112,71,186,66,53,111,139,77,20,18,68,23
3837,19,45,58,332,551,457,735,356,243,388,120,34,254,245
2949,122,72,157,250,245,407,441,288,104,340,76,97,214,136
4188,17,0,0,435,207,470,633,810,348,746,120,78,216,108
2386,29,16,67,39,212,303,531,455,183,165,53,23,214,96
2833,33,112,20,158,317,374,371,515,167,348,152,28,196,42
2263,41,19,79,42,153,203,436,157,79,173,139,105,536,101
3299,9,37,163,143,206,340,627,441,314,262,93,46,405,213
2577,138,13,94,219,241,379,531,247,75,11,233,69,109,218
795,29,36,21,54,85,113,185,62,84,73,10,7,36,0
3699,126,52,126,273,426,463,549,449,312,266,118,94,153,292
3417,101,0,37,131,352,387,675,446,99,283,370,97,253,186
5125,292,115,120,194,535,524,1102,797,217,468,253,22,237,249
670,23,81,6,9,84,86,92,63,3,54,70,0,92,7
1095,106,43,51,91,100,169,191,70,24,74,0,53,51,72
1318,143,115,88,162,204,156,130,44,21,100,15,19,37,84
790,84,12,56,54,46,89,103,73,14,83,28,15,80,53
1591,112,64,50,358,190,191,209,74,69,89,28,7,88,62
1908,152,123,45,93,205,200,87,42,285,45,121,0,233,277
1109,46,25,36,167,94,227,127,101,136,51,21,8,56,14
2044,126,52,93,45,239,458,326,167,151,78,16,7,158,128
2876,81,92,127,152,81,729,548,289,211,141,32,15,138,240
1678,63,14,126,37,303,135,221,119,81,94,16,84,243,142
1025,83,33,57,159,160,99,144,97,73,0,32,8,48,32
942,81,48,25,133,36,115,165,49,44,42,2,21,141,40
2844,73,42,176,236,210,268,484,169,209,202,97,162,368,148
2014,54,191,41,184,151,194,394,271,54,40,69,25,181,165
1918,102,20,146,221,135,165,301,112,224,168,163,0,40,121
2885,347,123,104,96,400,335,322,154,106,190,89,155,178,286
2033,153,100,142,107,225,198,383,39,81,115,99,0,215,176
1417,121,41,109,146,132,277,119,57,40,60,104,63,34,114
1671,184,27,81,99,129,219,160,67,135,155,19,6,289,101
1560,326,65,110,209,136,45,224,41,43,62,43,12,95,149
1561,65,127,136,85,142,132,146,132,62,156,47,0,132,199
1486,143,162,95,121,62,199,222,92,34,59,37,48,176,36
810,41,54,77,142,46,171,86,76,20,21,14,9,40,13
677,79,31,35,58,79,112,112,66,14,43,0,4,42,2
1946,115,111,51,194,154,245,240,226,185,168,85,21,96,55
1804,148,66,43,116,212,355,246,188,88,169,59,29,52,33
605,36,52,50,54,60,132,115,35,11,20,3,2,28,7
1583,65,66,107,208,256,308,162,127,43,49,19,85,27,61
3269,190,98,140,193,303,683,636,261,40,139,201,86,65,234
2988,29,29,142,214,203,470,435,390,243,302,51,168,190,122
2324,149,150,122,92,293,401,333,177,115,241,46,0,159,46
631,34,20,66,38,69,61,162,35,0,26,62,4,33,21
1287,43,22,196,69,86,56,220,46,79,121,71,10,176,92
1737,238,83,62,97,123,151,261,178,9,28,79,45,217,166
1707,154,71,44,169,77,204,289,163,38,69,15,46,207,161
2695,160,46,240,82,449,353,400,70,49,121,128,161,153,283
1471,58,9,55,125,109,225,217,170,80,151,8,48,90,126
2061,28,61,189,56,185,300,518,177,131,84,53,59,75,145
1767,28,65,45,54,101,159,320,141,56,136,24,115,111,412
1615,18,34,70,101,112,191,299,129,6,86,9,51,353,156
1255,124,0,54,0,129,117,189,173,75,181,43,6,108,56
1882,95,97,33,47,111,287,350,158,102,92,47,67,221,175
2577,25,26,130,116,292,406,535,397,152,122,115,79,142,40
1487,54,27,0,129,133,128,237,137,162,111,0,72,198,99
3822,166,77,328,258,427,740,419,258,203,251,118,32,271,274
2180,13,90,117,166,250,211,276,295,90,165,63,16,288,140
3467,181,83,61,155,373,497,626,568,156,188,50,101,220,208
2579,171,98,86,155,398,447,452,114,201,156,106,16,145,34
1881,69,0,46,155,187,182,445,116,95,24,131,74,181,176
1914,119,48,140,94,146,355,408,190,79,40,0,42,63,190
1602,82,30,66,93,100,186,318,126,50,181,109,22,157,82
1903,110,60,47,239,203,176,316,212,77,37,73,37,224,92
3935,388,27,157,268,648,595,531,277,114,113,93,91,427,206
3652,359,88,332,317,448,422,415,330,179,214,8,59,242,239
1604,64,50,85,147,52,218,150,176,169,158,56,23,200,56
1190,105,21,140,3,31,65,206,169,77,36,19,27,174,117
2198,16,129,198,51,280,394,303,241,100,123,88,0,180,95
2823,88,90,133,75,324,271,505,280,244,383,75,126,106,123
2673,16,64,24,121,248,284,494,341,191,399,100,129,148,114
1050,0,48,75,17,16,103,122,87,72,109,112,12,247,30
924,0,21,0,23,30,9,186,144,105,88,67,16,155,80
1225,9,9,24,181,57,29,240,115,163,223,23,0,54,98
1807,46,0,37,33,21,120,409,334,178,273,191,9,106,50
521,18,0,21,38,62,84,64,80,30,27,28,0,69,0
824,6,55,19,66,59,128,69,95,93,124,37,19,5,49
820,9,0,21,85,43,146,158,108,54,86,63,18,16,13
1006,67,64,49,108,101,143,63,68,15,48,118,10,77,75
2197,111,132,257,323,187,245,396,51,44,74,214,0,127,36
1889,107,44,103,274,247,311,212,170,64,49,144,0,85,79
2385,121,151,137,280,274,484,166,195,172,125,26,0,202,52
1457,53,9,94,160,148,304,174,170,37,72,35,0,135,66
1502,77,0,36,276,178,196,225,197,36,121,79,13,56,12
1021,22,23,95,44,18,180,274,206,46,15,21,7,19,51
467,26,4,35,63,50,74,68,95,25,6,7,5,4,5
1446,226,147,125,76,80,117,328,63,34,0,81,39,93,37
1902,75,230,33,90,115,213,426,113,97,50,188,19,186,67
1037,66,62,96,173,129,52,105,149,10,82,24,9,52,28
1588,120,102,116,156,162,225,259,55,55,75,23,48,97,95
714,12,59,78,84,24,194,33,31,3,8,23,6,66,93
1576,123,9,18,187,148,215,289,216,42,137,32,40,98,22
1324,25,62,61,111,170,84,207,206,107,92,24,16,80,79
1664,105,101,0,152,134,153,202,132,258,125,32,0,117,153
2510,168,11,40,245,133,552,598,218,187,170,20,34,84,50
1915,140,18,53,134,171,170,225,169,86,89,31,161,277,191
1715,85,22,58,222,238,322,218,136,63,83,93,32,77,66
1477,117,14,49,150,124,404,186,118,102,13,71,0,67,62
718,20,31,52,32,71,170,105,121,0,36,11,0,69,0
1558,65,8,108,139,205,273,179,105,72,58,120,25,150,51
2935,165,156,163,76,240,550,439,331,128,84,56,0,370,177
2477,57,39,73,141,291,531,499,209,115,143,122,10,52,195
2321,38,33,149,329,222,403,429,270,60,79,98,0,52,159
778,69,20,25,129,93,176,79,84,42,0,15,0,46,0
679,24,5,64,76,133,54,50,71,60,40,21,0,49,32
1835,89,18,71,291,259,237,94,202,95,209,39,55,138,38
1050,68,27,126,108,64,59,40,222,0,115,6,19,140,56
1032,66,40,124,46,88,148,188,62,48,68,0,0,89,65
1105,7,24,67,225,52,273,168,63,11,36,42,13,50,74
329,23,16,6,34,17,87,47,36,4,26,0,0,12,21
353,9,20,30,21,46,57,3,62,0,31,6,0,62,6
534,18,26,15,61,49,121,92,44,15,39,11,2,35,6
836,51,32,45,91,186,138,125,40,11,37,2,0,54,24
901,19,65,106,117,70,157,116,42,25,39,21,23,95,6
1550,96,111,91,127,68,149,270,137,64,80,26,11,165,155
1211,33,52,76,64,104,170,334,86,36,38,5,37,114,62
2102,83,119,75,166,207,267,493,67,38,205,19,0,128,235
982,24,14,23,140,180,73,207,56,42,83,0,14,85,41
2281,171,116,148,198,203,344,384,113,55,126,16,0,174,233
2063,91,147,156,141,246,268,476,85,125,22,79,25,125,77
1599,164,47,194,99,101,258,255,104,50,76,10,8,127,106
1148,73,98,74,102,26,84,191,22,23,59,33,108,184,71
1353,37,49,46,108,122,140,163,56,56,80,123,47,229,97
732,29,0,29,19,17,80,61,182,66,52,12,26,73,86
1393,11,111,109,104,80,195,284,46,51,30,59,9,175,129
1815,23,113,72,65,141,383,289,176,155,77,117,27,69,108
724,41,31,42,87,96,156,28,81,19,32,10,15,29,57
2017,32,139,298,95,138,250,303,181,73,162,55,0,77,214
1589,96,58,97,119,252,314,142,91,8,162,78,20,96,56
2074,178,50,47,180,115,328,413,166,177,31,67,26,168,128
982,40,11,68,83,117,106,163,153,42,37,36,5,51,70
1439,41,22,57,172,178,309,118,182,20,40,73,22,88,117
2005,102,111,120,273,215,126,285,244,63,75,20,0,266,105
1412,78,90,103,105,148,246,201,191,23,42,0,65,73,47
615,68,24,50,38,48,81,51,86,20,43,40,10,26,30
773,60,7,4,41,54,100,152,97,43,56,6,8,49,96
1317,69,31,31,40,36,110,246,129,92,218,110,0,168,37
877,49,36,39,36,46,141,158,76,47,197,25,0,27,0
930,25,27,66,0,87,56,151,49,27,207,75,22,73,65
699,8,15,56,35,44,70,131,56,25,82,23,0,83,71
583,45,37,26,62,81,69,60,65,28,49,13,5,6,37
1542,108,10,122,151,204,369,124,201,98,60,8,0,67,20
2040,67,43,160,210,486,329,202,98,104,112,29,0,106,94
922,70,16,50,117,60,151,198,63,59,56,12,0,49,21
745,18,0,8,62,59,90,155,79,69,111,18,0,51,25
1756,53,45,51,62,112,257,339,169,220,219,57,13,117,42
2136,47,130,63,146,217,184,408,341,48,179,42,46,185,100
1227,36,27,46,110,107,140,244,133,107,74,6,26,75,96
1352,206,84,103,110,89,117,107,133,45,34,104,13,91,116
1391,74,63,54,138,171,192,117,144,145,101,39,0,107,46
1045,63,57,76,85,73,69,161,91,88,61,17,35,71,98
1570,89,47,52,114,154,243,119,159,130,119,48,24,116,156
737,90,6,19,77,78,94,70,72,31,57,17,6,44,76
1165,57,20,119,140,97,129,170,134,65,34,2,11,54,133
1805,169,137,89,214,167,275,85,168,87,55,80,13,96,170
2304,125,37,89,232,188,345,299,349,91,146,130,39,91,143
2342,171,29,96,108,349,301,384,303,80,108,29,97,144,143
1772,121,54,81,164,199,194,255,193,116,87,68,56,139,45
1592,118,69,57,154,200,180,233,232,86,75,20,66,27,75
3112,206,106,157,282,208,248,408,383,168,292,176,28,159,291
1263,130,36,47,52,210,88,96,139,56,95,33,6,137,138
1791,96,90,48,42,374,207,224,201,60,48,67,16,174,144
1430,84,19,62,65,186,88,313,260,78,97,32,8,71,67
2270,106,18,86,125,260,337,439,170,90,220,39,40,183,157
998,0,35,23,80,74,125,96,88,62,30,123,8,186,68
2879,209,36,176,101,219,639,551,129,130,60,99,80,289,161
1481,62,31,91,53,79,156,242,256,94,110,43,96,112,56
2072,56,14,106,123,270,316,395,259,115,165,57,53,52,91
1295,27,39,27,48,117,162,236,149,61,144,65,6,46,168
2031,31,16,185,127,159,375,382,198,95,62,67,9,200,125
1921,65,20,81,158,160,379,301,195,68,142,103,27,107,115
2020,79,0,21,125,312,342,303,280,121,109,18,43,109,158
1723,54,146,100,109,205,221,234,258,40,25,52,45,118,116
2058,147,22,95,58,185,290,249,336,159,42,18,65,147,245
3188,149,102,220,347,347,325,460,248,172,75,146,149,275,173
1232,62,17,16,78,221,210,185,71,32,82,66,19,103,70
2766,224,142,168,194,345,280,377,115,221,187,96,100,208,109
1598,50,12,23,113,213,324,327,130,125,37,35,6,97,106
1720,8,1,48,96,198,209,246,170,201,131,47,18,228,119
1765,36,40,50,76,152,148,386,347,48,137,22,11,115,197
1161,31,0,13,103,130,197,189,88,151,117,63,7,65,7
1602,25,9,100,84,195,122,280,212,101,99,72,96,57,150
1867,68,22,0,106,222,238,453,305,141,164,20,13,86,29
2182,28,49,83,11,242,97,364,464,93,164,118,20,234,215
2396,25,22,34,114,147,253,386,416,162,362,108,57,281,29
1188,85,26,101,24,68,101,222,108,100,84,59,61,46,103
1684,28,52,36,100,138,261,334,125,120,119,69,0,200,102
1477,36,105,49,114,210,169,84,125,176,22,53,10,230,94
1244,90,13,96,68,140,87,180,77,167,78,88,9,111,40
2369,186,188,143,133,135,185,246,94,178,196,152,9,251,273
1762,134,38,132,121,274,204,227,155,111,108,19,26,100,113
1213,7,18,32,90,92,76,262,260,58,87,55,24,90,62
1022,0,0,18,0,59,34,111,55,134,145,84,17,205,160
2435,16,0,39,57,95,42,147,498,167,172,147,242,536,277
988,0,0,18,44,138,57,60,143,82,152,90,18,123,63
1144,8,7,86,34,63,82,153,115,123,192,46,8,112,115
1877,61,13,73,112,139,205,344,243,224,138,70,15,148,92
1355,10,46,21,56,117,215,263,144,53,127,14,11,87,191
2637,103,80,120,82,211,469,374,225,155,176,41,126,194,281
2035,85,57,72,47,154,217,419,294,247,76,75,0,167,125
2208,51,61,0,61,148,129,436,208,162,168,63,30,506,185
1510,22,57,38,57,65,162,315,219,95,156,65,42,180,37
1865,93,30,47,76,201,285,391,172,205,153,50,2,87,73
1549,0,1,78,8,111,227,247,116,123,121,173,86,93,165
1563,9,0,16,96,23,85,210,151,197,136,129,59,357,95
1298,0,51,0,43,93,111,238,228,177,155,48,39,27,88
1750,26,0,46,9,58,111,220,352,251,221,146,30,186,94
1909,0,0,0,0,48,55,135,136,174,287,319,85,187,483
1777,19,35,7,17,61,176,279,315,212,210,78,38,133,197
2406,25,13,34,45,138,262,464,461,278,243,50,112,170,111
1674,0,25,10,67,43,73,292,158,323,205,115,51,225,87
786,0,17,9,10,73,155,134,102,91,71,70,3,47,4
1092,30,7,0,17,103,154,176,145,91,112,31,8,153,65
2054,73,36,18,182,189,323,569,178,198,135,34,0,58,61
1669,161,101,105,150,138,46,263,109,94,194,95,0,143,70
636,7,28,0,15,54,23,95,94,61,55,87,28,34,55
1115,5,15,0,75,96,182,139,171,4,156,77,59,90,46
1786,48,72,77,24,91,151,290,94,119,236,110,66,197,211
1022,104,26,113,70,21,65,144,115,44,43,72,0,182,23
1182,9,9,8,51,103,123,109,143,98,173,43,149,112,52
1489,36,4,141,57,75,141,227,161,94,148,71,40,218,76
1396,43,0,14,16,207,86,344,165,85,168,66,11,130,61
875,4,19,49,32,70,42,150,118,96,74,84,15,83,39
653,0,27,47,6,55,46,122,85,34,84,32,73,17,25
662,41,0,5,30,79,50,228,29,42,35,0,21,52,50
1034,209,18,31,86,121,94,109,107,48,27,16,20,64,84
1214,154,49,125,38,88,130,139,124,39,135,40,0,55,98
502,28,34,0,35,30,50,146,70,0,38,0,17,17,37
1272,46,18,11,84,99,171,297,157,21,146,104,49,41,28
775,76,0,5,63,68,83,69,112,56,104,22,18,75,24
1297,25,66,97,147,121,168,228,97,28,122,31,54,70,43
3716,210,172,288,328,432,457,664,338,132,141,33,10,314,197
811,33,46,43,45,95,135,139,48,42,43,8,5,90,39
3331,85,158,68,81,332,398,803,338,219,167,121,40,263,258
1470,32,75,103,175,193,177,178,36,104,73,92,12,115,105
1419,110,31,81,142,125,135,164,147,78,49,16,103,79,159
3517,97,182,305,307,327,315,457,211,233,272,101,79,361,270
1889,119,211,76,82,56,260,176,275,65,104,0,14,193,258
840,90,14,26,108,47,73,93,135,18,12,0,25,135,64
2291,200,29,299,105,185,241,215,124,102,113,137,24,237,280
2129,59,158,152,257,201,314,298,255,153,56,12,28,125,61
2723,403,142,137,393,210,568,202,81,32,34,103,38,136,244
882,109,62,59,81,38,203,106,65,8,7,65,14,39,26
2081,205,229,181,235,301,344,196,159,47,45,0,20,70,49
2299,268,229,193,140,272,440,246,73,50,85,0,29,116,158
1476,120,121,134,202,98,250,138,146,56,79,30,14,32,56
2946,252,226,155,382,234,317,320,223,153,230,34,16,74,330
1423,130,99,71,56,112,153,177,182,85,67,25,0,158,108
3084,203,80,287,262,424,281,177,424,132,64,15,0,190,545
2638,162,37,130,342,222,514,318,169,145,115,43,51,171,219
2330,210,133,86,116,258,436,294,112,82,138,112,0,196,157
1336,59,81,65,153,120,198,181,129,72,14,6,0,148,110
1408,13,34,54,50,136,249,326,227,31,90,46,12,58,82
1653,44,0,7,48,112,237,283,99,249,195,63,138,88,90
1398,6,56,48,101,152,138,217,67,49,113,67,25,93,266
2026,66,118,141,259,257,278,396,147,31,78,29,14,124,88
1554,72,100,168,31,60,315,261,243,38,74,44,19,75,54
631,12,21,58,46,85,166,91,65,24,22,5,15,9,12
1175,59,25,44,197,99,163,206,84,67,58,12,24,73,64
1360,9,31,12,62,81,127,218,125,149,98,12,2,213,221
2160,108,106,218,69,91,306,207,124,61,161,89,20,315,285
1602,130,53,11,219,88,145,227,214,37,58,47,0,197,176
1352,39,19,30,280,148,161,234,96,24,59,0,7,118,137
1698,44,38,91,225,169,323,188,143,106,0,7,45,127,192
2201,83,61,26,130,139,541,264,218,107,73,77,18,272,192
1881,93,68,36,334,223,285,132,110,85,87,36,86,285,21
2598,68,58,194,119,298,276,449,285,81,74,96,87,310,203
1384,107,104,74,102,179,118,120,140,16,66,0,10,247,101
1987,58,30,38,337,234,144,284,141,201,113,47,11,156,193
1498,22,35,28,111,164,199,287,183,84,61,34,38,115,137
2065,72,60,47,139,313,404,251,112,207,99,65,55,83,158
2529,45,101,115,360,328,242,399,282,139,85,16,113,149,155
2590,20,232,103,123,213,312,541,306,75,87,150,3,220,205
1661,19,0,90,145,236,246,402,89,100,57,63,0,148,66
2471,51,41,168,298,145,313,447,248,94,140,124,71,199,132
2001,217,160,109,115,250,356,191,74,108,84,46,34,153,104
2988,109,127,165,549,307,287,635,108,77,103,177,0,193,151
3108,150,143,176,621,257,402,283,113,61,97,65,55,507,178
2831,106,117,213,310,501,443,305,167,154,93,0,83,218,121
3319,93,250,191,432,205,447,258,162,178,89,224,142,238,410
2298,258,97,31,364,356,276,236,96,29,139,76,0,232,108
2084,104,78,136,308,158,305,159,140,35,100,54,25,319,163
1949,40,95,111,176,211,257,217,157,202,102,61,28,167,125
2741,162,264,154,257,610,315,234,213,45,91,47,25,281,43
3383,192,117,288,454,387,321,347,286,140,81,31,17,390,332
1175,40,113,87,92,66,169,156,82,9,78,38,15,88,142
3873,74,45,162,270,373,845,568,394,171,174,197,57,316,227
1019,43,43,9,83,145,63,98,90,159,48,13,0,167,58
2338,60,104,130,182,140,445,312,369,93,156,55,0,132,160
927,21,40,43,135,110,159,146,73,0,43,22,6,17,112
2899,115,41,166,244,275,491,539,437,160,119,116,22,106,68
1368,61,0,64,166,227,211,139,119,95,38,31,12,126,79
3407,149,0,202,286,576,379,659,435,134,108,43,14,178,244
2542,28,14,46,235,277,562,457,264,151,92,133,155,62,66
1313,25,9,39,80,214,207,211,226,130,47,43,16,40,26
3736,199,48,270,224,498,614,596,364,132,166,80,21,245,279
1851,52,67,89,129,260,453,264,25,57,59,76,15,134,171
693,33,56,14,42,110,68,73,75,24,51,31,17,48,51
3149,86,47,142,316,463,552,562,255,169,161,53,20,214,109
1509,59,44,50,148,189,386,141,132,64,84,21,27,126,38
559,30,15,64,60,51,131,102,43,11,29,9,7,3,4
1149,60,48,25,179,138,252,134,127,27,22,19,36,27,55
3015,136,157,175,397,494,400,301,320,119,232,19,12,168,85
2191,72,128,159,156,259,293,368,187,85,70,32,23,210,149
2891,266,188,278,395,336,413,305,146,50,65,12,0,221,216
1702,65,41,118,372,205,264,171,176,23,50,42,5,93,77
3096,244,17,290,400,272,685,320,80,78,93,95,0,258,264
2017,119,168,79,204,198,432,73,196,30,106,14,39,200,159
1906,80,73,92,54,252,336,179,246,97,171,33,80,102,111
1956,187,64,124,285,129,319,291,156,53,42,21,59,145,81
2785,110,235,231,317,389,383,266,280,156,124,11,0,163,120
1354,93,81,47,125,156,221,153,87,100,78,19,0,79,115
862,44,55,188,106,59,111,22,41,39,48,40,2,33,74
3095,86,78,339,238,515,441,368,120,78,208,91,59,247,227
2194,91,85,95,286,250,311,404,98,68,147,70,25,170,94
2276,161,115,111,372,274,290,351,180,55,44,56,0,129,138
2431,158,129,89,199,336,412,295,110,62,116,0,100,152,273
3228,444,257,213,291,430,388,233,70,53,133,89,14,324,289
1313,56,28,79,100,262,210,201,141,38,44,69,6,20,59
2855,55,23,103,98,309,511,419,461,227,293,87,75,137,57
2655,92,46,0,242,310,385,406,362,237,275,71,13,113,103
2188,0,0,58,117,128,240,176,376,135,326,57,87,234,254
3264,0,0,161,227,244,667,539,624,233,279,54,59,87,90
1831,72,57,27,57,225,271,274,239,77,221,28,30,175,78
1955,93,59,78,250,205,230,181,218,123,220,22,16,151,109
1960,63,36,93,95,220,208,198,214,128,301,85,48,181,90
2462,104,82,157,267,136,308,267,302,225,174,60,87,175,118
2543,80,65,195,310,199,357,180,136,171,138,137,45,307,223
2320,22,166,170,147,213,340,125,137,114,155,336,20,227,148
2427,90,47,44,191,211,386,274,361,183,151,75,93,131,190
2380,20,91,121,257,150,284,283,225,109,220,96,65,220,239
2564,62,87,130,160,242,364,470,309,157,159,103,59,130,132
2558,150,0,185,149,188,261,248,245,197,231,85,133,275,211
2111,21,61,86,66,233,270,264,306,200,302,64,38,111,89
2469,51,127,36,33,163,266,284,224,125,166,137,58,467,332
2926,19,17,47,135,136,527,474,445,306,199,189,109,282,41
1179,35,5,16,34,54,80,125,233,141,92,51,66,198,49
816,13,73,20,35,11,93,197,80,99,65,62,11,29,28
3435,76,28,132,160,252,375,448,542,276,336,257,33,383,137
2031,87,0,24,57,168,265,263,307,365,238,56,29,85,87
2095,39,48,65,117,106,171,389,292,264,245,76,74,131,78
1593,0,20,89,80,187,170,281,223,108,150,64,39,141,41
2416,43,34,35,66,80,276,381,525,234,227,30,41,245,199
1578,8,17,53,73,121,252,224,240,129,241,49,58,84,29
2664,105,61,141,133,227,348,288,318,174,370,224,29,106,140
1880,46,67,90,174,90,272,275,138,138,173,86,55,102,174
3691,127,37,30,339,244,546,367,548,482,338,86,74,257,216
1758,54,63,62,60,209,196,183,111,50,73,124,31,338,204
2274,68,66,133,204,195,226,255,254,160,181,75,122,231,104
1866,42,17,92,74,135,263,248,277,89,216,70,33,179,131
1963,23,26,63,78,240,320,347,208,281,211,9,9,102,46
3383,63,26,119,114,238,516,407,244,233,434,184,12,419,374
1254,20,0,57,49,39,36,123,154,140,220,76,34,207,99
1690,7,9,49,96,211,181,266,270,223,88,22,4,137,127
938,5,0,20,50,39,191,103,172,132,54,65,5,68,34
1347,15,25,11,116,131,209,116,262,151,130,41,7,71,62
1826,25,46,13,113,87,224,241,122,314,200,46,151,81,163
1979,58,33,51,86,216,332,325,335,181,134,84,5,44,95
2296,89,71,45,76,134,198,526,368,192,187,95,69,109,137
1375,0,27,17,40,166,175,234,297,144,112,25,20,53,65
1503,83,17,35,46,210,142,246,252,117,141,75,7,100,32
1406,67,10,21,41,102,198,197,81,145,150,74,79,122,119
1532,60,31,46,105,88,284,298,186,91,115,66,0,128,34
1327,70,25,43,149,175,159,190,126,9,57,57,11,189,67
2303,99,10,16,156,221,361,289,239,191,201,56,87,259,118
2723,127,24,134,168,118,250,330,572,249,131,172,43,219,186
2571,52,38,16,201,190,270,497,258,187,180,26,57,371,228
2261,90,39,27,170,169,346,424,307,178,236,73,0,128,74
2474,34,0,50,114,160,365,464,394,262,152,96,55,212,116
2238,69,12,74,64,102,291,372,373,287,305,75,69,56,89
1620,10,21,88,87,154,130,205,312,182,52,83,34,119,143
1536,36,45,44,63,51,231,227,299,225,50,53,8,137,67
1515,71,8,52,74,70,205,180,121,149,136,64,69,210,106
1868,78,56,34,112,111,63,236,316,165,199,109,38,130,221
1890,42,10,164,77,129,115,224,280,323,124,56,57,167,122
1280,19,8,66,55,144,170,207,164,113,109,88,4,51,82
2114,20,0,90,146,233,215,247,415,220,200,50,25,110,143
3097,84,88,113,145,344,244,372,311,184,257,124,16,442,373
782,32,8,13,72,146,97,118,82,41,53,13,51,22,34
2028,83,85,26,87,180,310,314,224,114,216,106,6,146,131
1405,62,10,28,63,130,123,188,218,166,72,86,41,166,52
1393,70,56,51,69,126,267,176,110,112,86,69,48,78,75
1582,45,17,22,116,167,221,214,142,120,261,26,84,101,46
2203,35,74,97,102,81,321,377,239,193,131,49,46,159,299
3394,125,136,118,275,325,397,409,440,154,300,164,41,303,207
1789,105,61,84,65,224,194,324,258,105,93,39,35,157,45
3151,229,301,117,289,239,508,296,326,72,140,109,27,267,231
2497,91,48,94,113,155,342,329,217,109,261,109,31,355,243
3018,120,99,244,389,314,360,304,290,146,150,45,20,339,198
2629,164,0,95,183,313,268,413,223,322,246,55,43,259,45
1629,94,12,74,90,135,216,278,246,87,98,97,24,95,83
487,5,4,25,22,75,55,67,41,79,40,28,5,19,22
1486,26,0,105,0,74,199,284,167,83,299,68,61,72,48
1463,7,8,47,51,52,248,360,208,75,177,136,0,94,0
710,0,5,0,5,60,98,168,142,101,89,0,0,33,9
2648,16,9,38,67,275,367,330,286,369,303,107,118,143,220
1643,50,6,44,42,89,131,306,261,167,81,68,92,213,93
2083,14,0,178,84,119,201,416,319,99,255,105,138,54,101
1623,0,8,51,97,164,207,300,349,186,75,96,9,36,45
3372,86,75,12,93,247,307,590,732,305,409,149,22,183,162
2529,27,0,27,65,152,330,472,344,230,246,141,14,376,105
1358,55,9,32,28,77,92,227,57,178,139,160,81,119,104
1912,42,23,14,79,108,167,239,124,104,279,102,61,376,194
2042,25,40,15,124,81,146,364,319,370,148,161,52,116,81
2625,50,38,23,139,348,426,340,317,233,324,99,56,174,58
3849,185,64,62,225,345,637,704,512,388,304,60,83,107,173
807,0,0,12,17,174,65,155,101,102,129,17,5,26,4
1040,10,25,10,44,151,95,169,228,108,125,17,17,6,35
999,6,9,26,56,104,97,185,136,83,148,50,11,83,5
1419,30,25,44,163,231,221,233,170,95,66,48,12,81,0
2046,14,7,3,92,244,315,336,250,133,151,85,82,226,108
2740,116,41,107,114,197,294,474,434,310,260,74,104,146,69
2060,40,49,79,81,217,260,214,204,112,211,223,79,93,198
1687,0,15,43,103,185,259,305,214,131,231,44,18,110,29
2732,150,22,71,140,349,438,415,259,378,149,28,67,106,160
2318,16,10,87,81,314,486,442,217,136,163,64,117,59,126
1118,8,16,6,80,130,215,184,241,113,69,0,9,31,16
2616,33,69,173,86,166,398,345,272,286,174,192,0,180,242
1363,54,25,21,177,187,153,173,229,94,30,52,0,72,96
1650,123,57,19,42,165,129,313,169,213,76,50,20,112,162
852,49,0,0,39,62,149,223,106,83,63,32,0,36,10
1504,9,18,24,64,90,327,428,171,157,106,23,8,46,33
1070,30,43,54,35,116,135,286,211,56,61,25,0,18,0
3802,128,45,65,104,294,758,788,809,263,237,76,64,74,97
1181,39,58,15,114,170,184,149,65,99,120,76,43,33,16
926,77,11,33,36,133,49,154,114,22,176,22,10,66,23
1238,47,122,95,35,200,144,37,157,20,79,122,0,151,29
224,22,0,28,5,0,30,6,48,4,15,0,0,21,45
1426,27,67,98,169,109,134,106,145,90,70,43,146,122,100
2566,153,181,124,42,237,324,223,340,40,296,71,0,107,428
1547,25,87,48,117,167,71,305,214,85,152,0,0,196,80
884,54,78,42,66,73,81,127,77,25,73,14,6,71,97
893,58,13,54,133,106,125,84,45,55,48,36,23,63,50
1865,264,186,100,150,208,239,189,116,51,78,52,0,124,108
1453,85,92,21,58,237,42,107,157,61,95,39,36,318,105
1575,89,47,132,86,134,181,156,106,70,144,40,7,236,147
2925,128,104,110,251,163,340,429,445,68,377,12,74,187,237
1072,0,48,33,30,86,111,129,110,88,143,114,10,77,93
3969,415,135,151,418,371,474,261,459,144,271,152,117,335,266
1380,96,91,61,58,69,86,70,175,32,156,99,80,176,131
1569,69,41,3,176,97,230,146,145,69,231,79,26,150,107
1726,109,147,49,155,192,141,142,79,100,166,108,58,191,89
1410,147,61,131,175,132,134,55,95,82,89,50,17,183,59
1834,79,133,163,228,178,149,132,100,78,50,110,78,208,148
2225,131,67,81,143,154,368,322,293,61,145,53,28,234,145
1802,64,72,154,141,194,200,412,71,163,55,87,0,88,101
4062,109,195,155,450,539,496,300,372,228,303,153,127,236,399
1694,38,24,124,138,170,346,203,60,126,114,82,56,103,110
3404,58,275,294,447,176,359,366,154,108,314,88,117,387,261
1948,28,81,246,116,157,256,293,45,129,94,143,39,186,135
2482,47,96,73,272,163,368,239,234,252,163,48,142,223,162
2605,79,119,160,219,243,344,261,353,91,97,116,70,281,172
2517,100,43,144,295,180,267,140,276,77,83,151,38,329,394
2348,176,42,247,309,337,259,186,224,34,45,35,0,309,145
1910,100,47,55,102,192,272,168,340,167,147,125,13,142,40
2663,173,105,197,215,225,339,135,207,131,174,166,44,350,202
1671,81,134,132,181,130,303,219,119,22,51,118,0,92,89
1875,88,139,62,115,102,374,137,200,135,100,86,39,205,93
1466,88,129,121,139,129,352,59,47,92,31,13,44,73,149
2181,118,82,119,242,173,321,126,122,60,147,149,11,206,305
2390,176,89,99,121,192,359,240,247,188,194,111,10,163,201
2221,84,153,155,334,192,230,118,170,18,165,74,44,179,305
1842,201,31,166,187,100,222,111,167,99,93,38,26,184,217
2785,223,139,228,223,327,339,297,242,147,168,58,16,273,105
1378,68,127,13,232,177,117,175,30,0,182,66,14,120,57
2607,261,113,159,181,358,366,127,150,86,199,99,22,246,240
1401,94,93,79,140,64,217,45,249,100,103,43,18,39,117
2691,118,40,177,188,267,648,472,264,70,178,52,21,117,79
1372,57,74,50,145,198,124,124,82,123,49,47,55,160,84
1696,92,19,110,135,285,248,154,166,93,60,37,12,187,98
1715,30,110,10,237,176,250,174,132,104,129,86,15,119,143
2059,62,177,83,144,208,309,280,92,65,141,77,20,110,291
2344,245,145,139,172,216,205,171,130,149,94,99,32,309,238
2328,48,52,102,129,313,464,219,243,110,124,37,42,331,114
3737,274,111,199,410,521,328,704,308,60,182,58,77,208,297
2265,242,47,106,59,335,209,232,169,94,135,51,92,236,258
2456,117,141,64,282,182,216,273,179,121,149,121,0,477,134
1860,84,28,66,177,230,376,80,138,83,35,43,27,212,281
1983,81,57,111,124,152,251,273,218,87,204,32,7,141,245
2219,148,134,53,286,135,394,141,201,117,85,59,35,139,292
2755,108,51,142,239,250,486,420,99,197,80,123,178,122,260
2644,209,116,207,195,183,568,275,212,145,131,70,23,195,115
2262,172,206,107,283,235,262,198,52,121,110,64,12,218,222
2699,237,38,129,299,301,280,300,118,171,200,58,56,190,322
3688,271,220,241,263,286,570,300,258,377,84,83,101,383,251
2312,171,93,18,112,337,179,235,305,72,109,24,54,346,257
935,101,49,51,84,33,62,141,228,38,13,8,7,106,14
1410,36,125,133,66,128,336,187,105,56,62,33,12,39,92
760,28,15,0,24,48,10,104,178,35,77,27,0,105,109
2,0,0,2,0,0,0,0,0,0,0,0,0,0,0
712,27,93,14,25,36,70,69,53,38,107,34,13,54,79
3617,133,65,114,231,462,483,889,177,223,326,100,0,176,238
4294,224,82,333,305,668,572,703,467,122,200,40,0,321,257
3423,101,312,89,306,399,626,545,349,83,202,119,78,155,59
2113,195,49,139,220,203,327,238,159,86,57,53,58,100,229
904,96,52,25,121,162,40,95,85,50,24,32,22,38,62
1780,68,51,68,177,290,280,190,111,90,105,110,27,74,139
3535,126,138,325,263,569,494,330,256,131,267,143,11,219,263
1859,0,42,49,101,144,131,332,153,121,108,119,8,347,204
2301,88,63,138,98,234,375,362,177,138,98,127,94,134,175
2241,75,181,99,341,323,260,168,255,92,38,68,30,124,187
2492,193,193,46,241,381,401,350,152,95,90,75,16,120,139
710,14,29,47,85,84,105,93,77,22,55,14,15,34,36
1339,214,46,21,57,76,154,136,252,47,121,70,16,50,79
748,30,42,30,86,52,67,135,46,45,78,35,10,56,36
1059,108,40,101,67,53,173,95,164,15,86,30,24,67,36
2896,365,161,166,155,340,302,496,160,164,182,126,24,151,104
1020,116,0,32,37,64,137,152,164,17,78,55,23,98,47
809,49,19,29,33,132,69,107,120,27,131,7,17,50,19
1184,127,28,67,76,89,166,127,86,164,38,23,9,148,36
493,0,64,24,25,0,10,105,92,20,17,69,0,20,47
1125,34,55,54,64,166,250,198,34,47,60,25,16,76,46
1783,152,97,147,98,252,348,225,128,13,72,65,20,81,85
2948,235,128,194,324,440,278,304,89,114,126,120,91,304,201
1079,41,61,88,124,157,178,123,66,34,21,52,6,36,92
2170,80,28,38,71,146,291,433,211,120,156,75,7,277,237
2132,148,47,233,98,247,221,405,145,100,101,74,34,198,81
2494,90,172,108,41,213,200,381,266,114,208,15,68,271,347
1040,28,54,87,60,104,126,172,65,61,46,25,0,151,61
2436,117,173,193,164,333,304,298,138,66,81,0,68,141,360
1681,121,50,183,333,142,214,124,45,33,49,0,0,226,161
2392,218,134,137,181,361,192,301,183,40,63,36,0,263,283
2648,417,36,160,192,252,275,482,152,106,137,55,42,117,225
3688,306,249,212,428,519,367,310,237,97,105,16,0,409,433
1702,178,112,90,196,201,291,162,88,61,112,13,11,92,95
768,134,84,39,85,68,87,66,79,0,40,7,12,22,45
923,36,45,71,155,120,96,27,80,23,41,42,6,95,86
1055,39,30,66,191,184,170,161,63,24,27,6,41,41,12
860,32,65,17,104,100,166,138,90,46,34,3,8,29,28
1283,59,0,71,87,196,241,140,129,63,20,70,0,157,50
1445,97,94,63,185,178,98,148,189,23,13,57,24,120,156
1719,38,16,62,58,232,150,490,131,138,215,21,0,123,45
1152,35,10,41,12,142,81,138,281,48,93,12,20,199,40
1395,59,30,82,131,196,89,263,216,60,82,43,11,35,98
626,29,14,39,54,39,107,159,43,10,41,24,14,28,25
797,94,62,47,102,33,152,117,60,18,19,74,0,12,7
1075,44,10,60,36,99,197,204,164,18,103,85,14,21,20
1519,49,85,87,82,311,146,364,74,45,66,24,23,67,96
1156,37,41,84,50,126,191,164,87,39,68,51,26,93,99
1304,16,84,125,112,101,354,174,89,10,54,11,18,95,61
995,23,46,19,41,112,197,183,134,69,24,10,19,63,55
1090,0,66,46,64,193,120,87,147,65,77,23,0,81,121
991,4,3,72,51,68,121,219,134,75,52,44,20,105,23
891,40,58,43,18,232,192,118,18,6,103,0,27,13,23
1292,38,57,61,115,107,268,246,99,39,92,5,20,94,51
4458,77,68,192,293,368,553,744,756,444,304,133,126,273,127
2938,71,0,41,204,490,487,515,390,234,184,69,122,46,85
3212,86,15,115,219,156,518,308,754,374,272,121,70,94,110
2180,23,23,96,141,189,319,310,314,193,230,63,21,101,157
2177,35,0,41,100,108,197,199,379,343,261,86,48,218,162
2216,13,24,31,180,194,442,342,194,143,273,134,84,66,96
2330,54,87,220,297,126,355,268,193,104,243,82,44,141,116
2008,65,38,56,123,248,204,314,344,66,64,118,30,205,133
2506,0,47,126,111,537,359,378,346,154,223,32,27,63,103
725,5,28,32,34,126,113,97,134,22,33,20,22,20,39
3548,40,135,178,339,615,436,447,249,113,263,315,54,264,100
1936,72,106,79,245,213,217,291,178,129,54,25,27,223,77
1966,87,10,55,85,313,331,254,230,77,150,32,10,86,246
1069,20,37,95,135,108,202,99,212,63,41,38,5,8,6
2757,113,145,104,119,441,408,139,174,132,123,294,48,406,111
3515,82,114,56,293,321,478,563,409,311,336,178,0,241,133
3394,84,182,145,330,375,381,560,438,229,189,69,41,162,209
2287,130,207,93,114,191,204,432,182,164,122,64,33,292,59
2582,163,209,53,268,250,310,350,320,126,157,43,51,229,53
1287,142,64,162,103,95,89,219,139,33,37,28,28,70,78
3127,152,66,165,206,189,289,279,363,393,136,193,67,305,324
3419,138,116,61,156,396,324,477,568,257,278,194,51,219,184
1490,62,12,56,65,178,184,216,82,84,137,104,0,208,102
2047,43,139,104,172,229,320,229,281,45,110,89,7,152,127
2241,57,45,194,166,252,269,208,252,152,246,152,0,148,100
3090,181,33,69,197,444,431,546,309,328,85,218,67,124,58
1881,58,31,53,136,189,331,232,265,76,89,87,51,122,161
2415,76,51,120,198,260,505,295,250,179,182,11,18,206,64
3215,78,49,10,87,374,481,548,831,158,202,27,0,121,249
1630,38,10,11,75,56,364,235,355,53,215,24,34,68,92
1337,23,33,94,34,126,315,210,107,49,150,25,30,91,50
3516,65,45,131,339,383,495,707,420,191,304,93,52,160,131
4896,141,14,28,302,486,993,644,1028,278,535,151,48,159,89
2726,179,29,12,232,345,307,512,436,288,205,70,39,33,39
2992,103,140,140,359,329,542,333,263,132,64,89,107,239,152
4265,123,129,345,404,458,470,465,413,350,184,80,171,316,357
4216,190,129,232,475,260,404,306,756,159,313,74,96,504,318
3744,108,63,72,236,376,442,607,455,499,341,156,36,119,234
1515,64,5,91,83,144,233,163,178,74,97,53,25,111,194
3283,114,44,194,274,268,454,465,444,161,173,117,32,230,313
2662,190,131,137,219,357,339,164,368,134,142,70,57,135,219
2456,45,91,134,220,278,354,454,269,118,208,32,55,107,91
1768,10,50,92,103,189,266,317,101,160,134,111,17,75,143
3004,138,0,183,143,322,275,463,335,259,464,77,10,127,208
2089,126,80,92,278,269,371,139,139,50,124,23,39,193,166
4117,188,69,195,373,540,604,437,315,213,296,260,28,218,381
2226,67,67,142,387,336,102,193,241,59,135,101,63,224,109
2679,78,66,126,140,261,266,272,525,130,121,116,47,277,254
2428,137,26,54,121,442,199,249,326,194,182,61,35,133,269
3578,17,103,140,346,242,742,489,378,266,250,240,35,78,252
2593,68,117,52,213,285,408,363,261,109,157,193,19,147,201
1770,70,65,67,111,137,347,322,189,188,93,63,20,50,48
2904,92,29,114,237,290,618,359,324,138,340,92,41,78,152
2796,136,105,68,475,156,470,282,387,97,308,78,135,80,19
1793,0,37,60,163,108,460,162,284,255,129,20,18,51,46
3368,124,0,125,330,167,544,505,378,288,203,123,123,249,209
1374,10,67,62,175,152,171,214,215,45,103,55,5,48,52
1749,17,41,61,126,215,248,267,129,246,35,77,66,71,150
3476,67,80,104,402,282,578,379,554,164,289,214,94,209,60
2093,50,56,119,230,259,370,304,198,156,75,27,19,150,80
3670,69,204,76,276,452,692,400,284,309,289,22,83,382,132
2448,58,94,154,189,241,484,360,252,132,253,81,22,65,63
2199,32,67,49,184,340,465,295,370,76,64,123,0,75,59
2117,41,6,111,98,174,298,290,269,108,131,49,55,270,217
2186,130,25,127,166,378,352,337,133,76,39,36,79,166,142
806,89,7,15,50,96,82,85,141,47,32,16,5,53,88
1673,97,47,48,65,256,210,69,157,214,134,7,61,136,172
4239,79,145,215,386,445,817,745,406,205,265,88,0,282,161
2153,75,55,81,172,374,263,356,310,93,119,104,0,103,48
1005,68,25,155,100,72,112,122,63,83,49,13,0,41,102
1965,81,27,126,98,252,263,314,163,152,120,111,19,116,123
1321,0,22,34,51,148,345,147,244,53,69,27,2,78,101
906,21,65,15,29,97,197,174,104,41,39,17,9,51,47
2943,108,0,229,283,457,724,367,155,115,165,33,115,130,62
2203,102,61,71,222,227,314,211,309,147,214,73,58,91,103
3068,277,57,213,361,428,520,384,235,46,72,104,0,216,155
3596,153,49,400,577,444,468,422,447,129,73,114,36,89,195
2671,47,69,292,315,311,385,196,319,124,64,92,6,143,308
3325,207,47,326,245,241,465,487,357,350,243,91,0,127,139
2106,130,205,79,466,386,147,149,108,8,31,19,20,167,191
1515,63,83,42,168,263,262,204,66,39,11,46,34,87,147
944,20,16,11,84,144,148,159,73,73,16,27,36,70,67
1356,24,87,98,204,160,248,94,38,36,85,46,0,76,160
1905,102,52,57,94,179,279,366,289,86,71,37,82,40,171
3121,13,132,145,179,398,404,726,153,217,301,33,94,155,171
2505,117,89,123,184,268,411,281,261,155,187,51,57,129,192
2883,44,197,270,310,239,433,292,171,230,254,44,16,73,310
1577,0,18,19,41,162,428,241,151,150,144,43,0,29,151
946,20,19,33,82,162,140,193,111,57,47,12,0,27,43
1090,57,47,19,46,138,120,223,129,73,77,45,18,45,53
1277,30,10,184,145,213,147,97,89,100,105,57,0,26,74
1976,155,86,119,169,226,338,230,202,83,83,62,14,126,83
373,39,11,7,53,51,57,87,17,22,7,6,0,11,5
2088,96,161,206,254,272,179,234,116,104,103,10,12,154,187
3108,158,119,155,451,297,820,336,185,17,112,32,32,185,209
2231,151,99,143,313,342,377,206,187,118,123,62,24,21,65
1451,126,238,62,117,134,236,149,69,110,77,14,9,72,38
1299,112,117,102,145,297,96,57,77,9,103,8,0,83,93
2045,146,61,49,218,135,152,465,178,26,160,94,85,164,112
2403,94,87,324,219,293,262,222,233,78,135,28,43,161,224
2166,44,53,171,310,194,275,379,242,160,146,0,41,72,79
916,32,41,59,157,64,106,116,200,31,7,13,0,30,60
1617,140,81,66,203,157,256,193,129,77,57,36,31,101,90
876,81,53,27,107,102,91,70,107,31,56,15,6,71,59
500,33,13,37,42,52,115,69,56,9,30,17,5,12,10
2428,81,230,159,208,199,481,185,431,39,118,23,35,174,65
3509,54,154,174,533,316,475,425,396,175,192,97,0,199,319
3175,137,36,151,269,392,391,330,337,122,277,91,86,350,206
2785,127,75,307,335,309,296,174,321,67,78,0,81,253,362
4372,197,155,291,660,416,623,658,369,140,239,188,82,223,131
934,32,19,19,71,109,113,216,170,41,39,0,3,68,34
2833,151,325,289,345,213,476,288,185,90,178,67,29,109,88
1708,189,114,101,162,189,226,152,160,23,148,89,19,107,29
1739,139,50,92,80,133,280,220,225,145,81,49,1,93,151
1424,147,64,67,165,143,110,158,209,24,115,0,7,101,114
2237,43,30,122,148,278,328,549,290,49,29,62,42,233,34
2916,197,114,160,188,424,467,412,413,79,139,74,22,57,170
2927,234,184,107,335,292,311,552,190,41,213,39,0,268,161
2035,246,157,202,143,138,191,203,136,116,195,20,15,98,175
2171,63,105,52,174,123,165,220,163,102,190,139,9,389,277
1874,121,108,96,208,259,159,378,140,21,10,43,29,135,167
1767,104,101,153,158,167,158,277,139,118,101,22,24,129,116
